supplier_name_substring;supplier_attribute;supplier_value_pattern;pattern_type;prom_attribute;prom_attribute_unit_template;prom_value_template;priority;is_active;category_id;rule_kind;notes
;Робоча температура;(?<!\d)((?:[\-–—−]\s*)?\d+)\s*(?:°\s*[cс]|℃|°)?\s*(?:до|\||[~\-–—])\s*\+?\s*((?:[\-–—−]\s*)?\d+)\s*(?:°\s*[cс]|℃|°)?;regex;Мінімальна робоча температура;град.;$1 ;100;TRUE;global;extract;
;Робоча температура;(?<!\d)((?:[\-–—−]\s*)?\d+)\s*(?:°\s*[cс]|℃|°)?\s*(?:до|\||[~\-–—])\s*\+?\s*((?:[\-–—−]\s*)?\d+)\s*(?:°\s*[cс]|℃|°)?;regex;Максимальна робоча температура;град.;$2 ;101;TRUE;global;extract;
;"Довжина, мм";"(\d+(?:[.,]\d+)?)";regex;Довжина;мм;$1 ;102;TRUE;global;extract;
;"Ширина, мм";"(\d+(?:[.,]\d+)?)";regex;Ширина;мм;$1 ;103;TRUE;global;extract;
;"Висота, мм";"(\d+(?:[.,]\d+)?)";regex;Висота;мм;$1 ;104;TRUE;global;extract;
;"Габаритні розміри (ДхШхВ), мм";"(\d+(?:[.,]\d+)?)\s*[xXх×*]\s*(\d+(?:[.,]\d+)?)\s*[xXх×*]\s*(\d+(?:[.,]\d+)?)";regex;Довжина;мм;$1 ;105;TRUE;global;extract;
;"Габаритні розміри (ДхШхВ), мм";"(\d+(?:[.,]\d+)?)\s*[xXх×*]\s*(\d+(?:[.,]\d+)?)\s*[xXх×*]\s*(\d+(?:[.,]\d+)?)";regex;Ширина;мм;$2 ;106;TRUE;global;extract;
;"Габаритні розміри (ДхШхВ), мм";"(\d+(?:[.,]\d+)?)\s*[xXх×*]\s*(\d+(?:[.,]\d+)?)\s*[xXх×*]\s*(\d+(?:[.,]\d+)?)";regex;Висота;мм;$3 ;107;TRUE;global;extract;
;"Вага, г";([0-9]+(?:\.[0-9]+)?);regex;Вага;г;$1 ;108;TRUE;global;extract;
;"Вага, кг";([0-9]+(?:\.[0-9]+)?);regex;Вага;кг;$1 ;109;TRUE;global;extract;
;"Гарантія, міс";([0-9]+);regex;Гарантійний термін;;$1 ;110;TRUE;global;extract;
;Гарантія (міс.);([0-9]+);regex;Гарантійний термін;;$1 ;111;TRUE;global;extract;
(?i).*\bнеуправляемый\b.*;;;regex;Тип комутатора;;Некерований;1;TRUE;71903;name;
(?i).*\bуправляемый\b.*;;;regex;Тип комутатора;;Керований рівня 2;2;TRUE;71903;name;
(?i).*\bL2\+\b.*;;;regex;Тип комутатора;;Керований рівня 2+;3;TRUE;71903;name;
(?i).*\bL3\b.*;;;regex;Тип комутатора;;Керований рівня 3 і вище;4;TRUE;71903;name;
;Тип комутатора;.*2\s*рівня.*;regex;Тип комутатора;;Керований рівня 2;5;TRUE;71903;attribute;
;Тип комутатора;.*3\s*рівня.*;regex;Тип комутатора;;Керований рівня 3 і вище;6;TRUE;71903;attribute;
(?i).*\b10G\b.*;;;regex;Тип портів;;10Gigabit Ethernet;7;TRUE;71903;name;
;Ethernet порти (Uplink);.*10/100/1000.*;regex;Тип портів;;Gigabit Ethernet;8;TRUE;71903;attribute;
;Ethernet порти (DownLink);.*10/100/1000.*;regex;Тип портів;;Gigabit Ethernet;9;TRUE;71903;attribute;
;Ethernet порти (Uplink);^10/100\s*Мбіт/с$;regex;Тип портів;;Fast Ethernet;10;TRUE;71903;attribute;
;Ethernet порти (DownLink);^10/100\s*Мбіт/с$;regex;Тип портів;;Fast Ethernet;11;TRUE;71903;attribute;
;Ethernet порти (Uplink);^1000\s*Мбіт/с$;regex;Тип портів;;Gigabit Ethernet;12;TRUE;71903;attribute;
;Ethernet порти (DownLink);^1000\s*Мбіт/с$;regex;Тип портів;;Gigabit Ethernet;13;TRUE;71903;attribute;
;Кількість портів UPLINK;.*10/100/1000.*;regex;Тип портів;;Gigabit Ethernet;14;TRUE;71903;attribute;
;Кількість портів UPLINK;.*SFP.*;regex;Тип портів;;SFP;15;TRUE;71903;attribute;
;"Кількість портів BASE-T не менше 100 Мбіт/с*, од.";(\d+);regex;Загальна кількість портів;шт.;$1 ;16;TRUE;71903;extract;
;Комутаційна здатність;^(\d+)-RJ45;regex;Загальна кількість портів;шт.;$1 ;17;TRUE;71903;extract;
;Вид встановлення;.*rack-mount.*;regex;Форм-фактор;;В стійку;18;TRUE;71903;attribute;
;Вид встановлення;.*настіль.*;regex;Форм-фактор;;Настільний;19;TRUE;71903;attribute;
;Вид встановлення;.*настінн.*;regex;Форм-фактор;;Навісний;20;TRUE;71903;attribute;
;Вид встановлення;.*rack-mount.*;regex;Можливість монтажу в стійку;;Так;21;TRUE;71903;attribute;
;"Довжина, мм";"^44[03](?:[.,]\d+)?$";regex;Можливість монтажу в стійку;;Так;22;TRUE;71903;attribute;
(?i).*SFP\+.*;;;regex;Наявність портів SFP+;;Так;23;TRUE;71903;name;
(?i).*SFP(?!\+).*;;;regex;Наявність портів SFP;;Так;24;TRUE;71903;name;
;Кількість портів UPLINK;.*SFP\+.*;regex;Наявність портів SFP+;;Так;25;TRUE;71903;attribute;
;Кількість портів UPLINK;.*SFP(?!\+).*;regex;Наявність портів SFP;;Так;26;TRUE;71903;attribute;
(?i).*\bPOE\b.*;;;regex;Підтримка PoE;;Так;27;TRUE;71903;name;
;Протоколи PoE;.+;regex;Підтримка PoE;;Так;28;TRUE;71903;attribute;
;Бюджет PoE;.+;regex;Підтримка PoE;;Так;29;TRUE;71903;attribute;
(?i).*\bбілий\b.*;;;regex;Колір;;Білий;30;TRUE;71903;name;
(?i).*\bбелый\b.*;;;regex;Колір;;Білий;31;TRUE;71903;name;
(?i).*\bсірий\b.*;;;regex;Колір;;Сірий;32;TRUE;71903;name;
(?i).*\bсерый\b.*;;;regex;Колір;;Сірий;33;TRUE;71903;name;
;Тип;комутатори;exact;Тип устройства;;Комутатори;34;TRUE;71903;attribute;
;Тип;розгалужувач;exact;Тип устройства;;Комутатори;35;TRUE;71903;attribute;
.*\bLiFePO4\b.*;;;regex;Тип акумулятора;;LiFePO4;1;TRUE;5280501;name;
.*(?:LPM-GL).*;;;regex;Тип акумулятора;;GEL;2;TRUE;5280501;name;
.*(?:гелев\w*).*;;;regex;Тип акумулятора;;GEL;3;TRUE;5280501;name;
.*(?:мультигелев\w*|LPM-MG).*;;;regex;Тип акумулятора;;AGM;4;TRUE;5280501;name;
.*\bAGM\b.*;;;regex;Тип акумулятора;;AGM;5;TRUE;5280501;name;
.*\bLi-?ion\b.*;;;regex;Тип акумулятора;;Li-Ion;6;TRUE;5280501;name;
;Тип;LiFePO4;exact;Тип акумулятора;;LiFePO4;7;TRUE;5280501;attribute;
;Тип;Li-ion;exact;Тип акумулятора;;Li-Ion;8;TRUE;5280501;attribute;
;Тип;(?i)гелев\w*;regex;Тип акумулятора;;GEL;9;TRUE;5280501;attribute;
;Тип;(?i)AGM мультигелев\w*;regex;Тип акумулятора;;AGM;10;TRUE;5280501;attribute;
;Тип;(?i)AGM свинцево-кислотн\w*;regex;Тип акумулятора;;AGM;11;TRUE;5280501;attribute;
"\b(\d+(?:[.,]\d+)?)\s*Ah\b";;;regex;Ємність акумулятору;А. г;$1 ;12;TRUE;5280501;name;
"\b(\d+(?:[.,]\d+)?)\s*V\b";;;regex;Напруга;В;$1 ;13;TRUE;5280501;name;
;"Номінальна ємність, Ah";"(\d+(?:[.,]\d+)?)";regex;Ємність акумулятору;А. г;$1 ;14;TRUE;5280501;extract;
;"Номінальна напруга, V";"\d+\s*\((\d+(?:[.,]\d+)?)\)";regex;Напруга;В;$1 ;15;TRUE;5280501;extract;
;"Номінальна напруга, V";"^(\d+(?:[.,]\d+)?)$";regex;Напруга;В;$1 ;16;TRUE;5280501;extract;
;Тип клеми;[ТT]1\b;regex;Тип струмовивіду;;T1;17;TRUE;5280501;attribute;
;Тип клеми;[ТT]2\b;regex;Тип струмовивіду;;T2;18;TRUE;5280501;attribute;
;Тип клеми;[ТT]3\b;regex;Тип струмовивіду;;T3;19;TRUE;5280501;attribute;
;Тип клеми;[ТT]6\b;regex;Тип струмовивіду;;T6;20;TRUE;5280501;attribute;
;Тип клеми;[ТT]8\b;regex;Тип струмовивіду;;T8;21;TRUE;5280501;attribute;
;Тип клеми;[ТT]11\b;regex;Тип струмовивіду;;Т11;22;TRUE;5280501;attribute;
;Тип клеми;[ТT]12\b;regex;Тип струмовивіду;;T12;23;TRUE;5280501;attribute;
;Тип клеми;[ТT]14\b;regex;Тип струмовивіду;;Т14;24;TRUE;5280501;attribute;
;"Номінальний струм заряду, A";"(\d+(?:[.,]\d+)?)";regex;Струм заряду;А;$1 ;25;TRUE;5280501;extract;
;Кількість циклів;(\d+);regex;Напрацювання;циклів заряду;$1 ;26;TRUE;5280501;extract;
;Матеріал корпусу;(?i)^метал$;regex;Матеріал виготовлення корпусу;;Метал;27;TRUE;5280501;attribute;
;Мінімальна робоча температура;(-?\d+);regex;Мінімальна робоча температура;град.;$1 ;28;TRUE;5280501;extract;
;Максимальна робоча температура;(\d+);regex;Максимальна робоча температура;град.;$1 ;29;TRUE;5280501;extract;
;"Робоча температура розряду, °C";(-?\d+)\s*~\s*\+?\s*\d+;regex;Мінімальна робоча температура;град.;$1 ;30;TRUE;5280501;extract;
;"Робоча температура розряду, °C";-?\d+\s*~\s*\+?\s*(\d+);regex;Максимальна робоча температура;град.;$1 ;31;TRUE;5280501;extract;
;"Гарантія, міс";(\d+);regex;Гарантійний термін;міс;$1 ;32;TRUE;5280501;extract;
;"Довжина, мм **";"(\d+(?:[.,]\d+)?)";regex;Довжина;мм;$1 ;33;TRUE;5280501;extract;
;"Довжина, мм";"(\d+(?:[.,]\d+)?)";regex;Довжина;мм;$1 ;34;TRUE;5280501;extract;
;"Габаритні розміри (ДхШхВ), мм *";"(\d+(?:[.,]\d+)?)\s*[*×xXх]\s*(\d+(?:[.,]\d+)?)\s*[*×xXх]\s*(\d+(?:[.,]\d+)?)";regex;Довжина;мм;$1 ;35;TRUE;5280501;extract;
;"Ширина, мм **";"(\d+(?:[.,]\d+)?)";regex;Ширина;мм;$1 ;36;TRUE;5280501;extract;
;"Ширина, мм";"(\d+(?:[.,]\d+)?)";regex;Ширина;мм;$1 ;37;TRUE;5280501;extract;
;"Габаритні розміри (ДхШхВ), мм *";"(\d+(?:[.,]\d+)?)\s*[*×xXх]\s*(\d+(?:[.,]\d+)?)\s*[*×xXх]\s*(\d+(?:[.,]\d+)?)";regex;Ширина;мм;$2 ;38;TRUE;5280501;extract;
;"Висота, мм **";"(\d+(?:[.,]\d+)?)";regex;Висота;мм;$1 ;39;TRUE;5280501;extract;
;"Висота, мм";"(\d+(?:[.,]\d+)?)";regex;Висота;мм;$1 ;40;TRUE;5280501;extract;
;"Габаритні розміри (ДхШхВ), мм *";"(\d+(?:[.,]\d+)?)\s*[*×xXх]\s*(\d+(?:[.,]\d+)?)\s*[*×xXх]\s*(\d+(?:[.,]\d+)?)";regex;Висота;мм;$3 ;41;TRUE;5280501;extract;
;"Вага, кг";"(\d+(?:[.,]\d+)?)";regex;Вага;кг;$1 ;42;TRUE;5280501;extract;
;Інтерфейс зв'язку;(?i)bluetooth;regex;Особливості;;Наличие Bluetooth;43;TRUE;5280501;attribute;
;Тип;BMS LiFePO4;exact;Тип устройства;;Система керування акумулятора;44;TRUE;5280501;attribute;
;Тип;Smart BMS LiFePO4;exact;Тип устройства;;Система керування акумулятора;45;TRUE;5280501;attribute;
;Тип;BMS LTO;exact;Тип устройства;;Система керування акумулятора;46;TRUE;5280501;attribute;
;Тип;аксесуари для акумуляторів;exact;Тип устройства;;Аксесуари для акумуляторів;47;TRUE;5280501;attribute;
;Тип;AGM свинцево-кислотний;exact;Тип устройства;;Акумулятори;48;TRUE;5280501;attribute;
;Тип;AGM мультигелевий;exact;Тип устройства;;Акумулятори;49;TRUE;5280501;attribute;
;Тип;LiFePO4;exact;Тип устройства;;Акумулятори;50;TRUE;5280501;attribute;
;Тип;Li-ion;exact;Тип устройства;;Акумулятори;51;TRUE;5280501;attribute;
;Тип;гелевий;exact;Тип устройства;;Акумулятори;52;TRUE;5280501;attribute;
;Тип;аксесуари для акумуляторів;exact;Тип устройства;;Акумуляторний балансир;53;TRUE;5280501;attribute;
;Мінімальна робоча температура;"((?:[\-–—−]\s*)?\d+(?:[.,]\d+)?)";regex;Мінімальна робоча температура;град.;$1 ;100;TRUE;3029;extract;
;Максимальна робоча температура;"((?:[\-–—−]\s*)?\d+(?:[.,]\d+)?)";regex;Максимальна робоча температура;град.;$1 ;101;TRUE;3029;extract;
;"Робоча температура, °C";(?<!\d)((?:[\-–—−]\s*)?\d+)\s*(?:°\s*[cсС]|℃|°)?\s*(?:до|\||[~\-–—])\s*\+?\s*((?:[\-–—−]\s*)?\d+)\s*(?:°\s*[cсС]|℃|°)?;regex;Мінімальна робоча температура;град.;$1 ;102;TRUE;3029;extract;
;"Робоча температура, °C";(?<!\d)((?:[\-–—−]\s*)?\d+)\s*(?:°\s*[cсС]|℃|°)?\s*(?:до|\||[~\-–—])\s*\+?\s*((?:[\-–—−]\s*)?\d+)\s*(?:°\s*[cсС]|℃|°)?;regex;Максимальна робоча температура;град.;$2 ;103;TRUE;3029;extract;
;"Вага, кг";"([0-9]+(?:[.,][0-9]+)?)";regex;Вага;г;$1 кг;104;TRUE;3029;extract;
;"Гарантія, міс";([0-9]+);regex;Гарантійний термін;міс;$1 ;105;TRUE;3029;extract;
(?i).*(?:вызывная|визивна)\s+панел.*\bAHD\b.*;;;regex;Тип пристрою;;Відеопанель кольорова виклична;1;TRUE;3029;name;
(?i).*(?:вызывная|визивна)\s+панел.*\bIP\b.*;;;regex;Тип пристрою;;Відеопанель кольорова виклична;2;TRUE;3029;name;
(?i).*комплект.*(?:домофон|відеодомофон).*;;;regex;Тип пристрою;;Відеодомофон;3;TRUE;3029;name;
(?i).*(?:беспроводной|бездротовий)\s+(?:звонок|дзвінок).*;;;regex;Тип пристрою;;Аудіопанель виклична;4;TRUE;3029;name;
(?i).*(?:аудіодомофон|аудиодомофон).*;;;regex;Тип пристрою;;Аудіодомофон;5;TRUE;3029;name;
"(?i)(?:монітор|відеодомофон|домофон|monitor).*?((?:[4-9]|1[0-5])(?:[.,]\d+)?)\s*[""']""";;;regex;Діагональ екрану (дюйм);;$1 ;6;TRUE;3029;name;
"(?i)(?:монітор|відеодомофон|домофон|monitor).*?((?:[4-9]|1[0-5])(?:[.,]\d+)?)\s*дюйм";;;regex;Діагональ екрану (дюйм);;$1 ;7;TRUE;3029;name;
;"Роздільна здатність дисплея, MP";"([0-9]+(?:[.,][0-9]+)?)";regex;Роздільна здатність камери (Мп);;$1 ;8;TRUE;3029;extract;
;Кут огляду (градуси);"([0-9]+(?:[.,][0-9]+)?)";regex;Кут огляду камери;град.;$1 ;9;TRUE;3029;extract;
;"Слот для SD карти, GB";.+;regex;Порт для SD-карти;;Так;10;TRUE;3029;attribute;
;"Слот для SD карти, GB";.+;regex;Наявність блоку пам'яті;;Так;11;TRUE;3029;attribute;
;Запис;(?i)відео.?фото|фото.?відео;regex;Реєстрація подій;;Фото/Відео;12;TRUE;3029;attribute;
;Запис;(?i)^відео$;regex;Реєстрація подій;;Відео;13;TRUE;3029;attribute;
;Запис;(?i)^фото$;regex;Реєстрація подій;;Фото;14;TRUE;3029;attribute;
;"Живлення, V";(?:^|\s*)12(?:[^0-9]|$);regex;Живлення;;Мережа 12В;15;TRUE;3029;attribute;
;"Живлення, V";(?:^|\s*)24(?:[^0-9]|$);regex;Живлення;;Мережа 24В;16;TRUE;3029;attribute;
;"Живлення, V";(?:^|\s*)220(?:[^0-9]|$);regex;Живлення;;Мережа 220В;17;TRUE;3029;attribute;
;"Живлення, V";(?:^|\s*)230(?:[^0-9]|$);regex;Живлення;;Мережа 230В;18;TRUE;3029;attribute;
;"Живлення, V";100\s*[-–]\s*240;regex;Живлення;;Мережа 220В;19;TRUE;3029;attribute;
;Управління замком;.+;regex;Живлення замку від пристрою;;Так;20;TRUE;3029;attribute;
;Колір;(?i)сріблясти.*;regex;Колір корпусу;;Сріблястий;21;TRUE;3029;attribute;
;Колір;(?i)чорни.*;regex;Колір корпусу;;Чорний;22;TRUE;3029;attribute;
;Колір;(?i)(?:білий|белый|white);regex;Колір корпусу;;Білий;23;TRUE;3029;attribute;
;Колір;(?i)(?:сірий|серый|gray|grey);regex;Колір корпусу;;Сірий;24;TRUE;3029;attribute;
;Колір;(?i)(?:графіт|антрацит|graphite);regex;Колір корпусу;;Антрацит;25;TRUE;3029;attribute;
;Ступінь захисту;(IP[0-9]{2});regex;Захист обладнання від води і пилу IP;;$1 ;26;TRUE;3029;extract;
(?i).*\b(трех|трёх|3)[-\s]?фазн.*;;;regex;Кількість фаз живлення;;3;1;TRUE;5140401;name;
(?i).*\b(одно|1)[-\s]?фазн.*;;;regex;Кількість фаз живлення;;1;2;TRUE;5140401;name;
(?i).*(сонячн|солнечн).*;;;regex;Сонячна батарея;;Так;3;TRUE;5140401;name;
(?i).*(чиста\s+синусоїда|чистая\s+синусоида).*;;;regex;Форма вихідної напруги;;Чиста синусоїда;4;TRUE;5140401;name;
(?i).*апроксимован.*;;;regex;Форма вихідної напруги;;Апроксимована синусоїда;5;TRUE;5140401;name;
;"Вихідна потужність, Вт";^([0-9][0-9\s]*)$;regex;Номінальна потужність;Вт;$1 ;6;TRUE;5140401;extract;
;"Вихідна потужність, Вт";.*?([0-9][0-9\s]+)\s*[-/]\s*([0-9][0-9\s]+).*;regex;Максимальна потужність;Вт;$2 ;7;TRUE;5140401;extract;
;"Вихідна потужність, Вт";.*?([0-9][0-9\s]+)\s*[-/]\s*([0-9][0-9\s]+).*;regex;Номінальна потужність;Вт;$1 ;8;TRUE;5140401;extract;
;"Напруга батареї, В";(\d+)\s*-\s*(\d+);regex;Номінальна вхідна напруга;В;$1 ;9;TRUE;5140401;extract;
;"Напруга батареї, В";(\d+(?:\.\d+)?)\s*–\s*(\d+(?:\.\d+)?);regex;Номінальна вхідна напруга;В;$1 ;10;TRUE;5140401;extract;
;"Напруга батареї, В";^(\d+(?:\.\d+)?)$;regex;Номінальна вхідна напруга;В;$1 ;11;TRUE;5140401;extract;
;"Струм зарядки батареї, А";(\d+)\s*\+\s*(\d+);regex;Номінальний струм;А;$1 ;12;TRUE;5140401;extract;
;"Струм зарядки батареї, А";^(\d+)$;regex;Номінальний струм;А;$1 ;13;TRUE;5140401;extract;
;"Потужність сонячних панелей, Вт";([\d\s]+);regex;Максимальна потужність;Вт;$1 ;14;TRUE;5140401;extract;
;Класс защиты;(IP[0-9]{2});regex;Ступінь захисту IP;;$1 ;15;TRUE;5140401;extract;
;Рабочая температура;(-?\d+)\s*°?\s*[CСcс˚]?\s*(?:-|–|—|~)\s*\+?\s*\d+;regex;Мінімальна робоча температура навколишнього середовища;град.;$1 ;16;TRUE;5140401;extract;
;Рабочая температура;-?\d+\s*°?\s*[CСcс˚]?\s*(?:-|–|—|~)\s*\+?\s*(\d+);regex;Максимальна робоча температура навколишнього середовища;град.;$1 ;17;TRUE;5140401;extract;
;"Розміри, мм";([0-9]+(?:\.[0-9]+)?)\s*[xхX×]\s*([0-9]+(?:\.[0-9]+)?)\s*[xхX×]\s*([0-9]+(?:\.[0-9]+)?);regex;Ширина;мм;$1 ;18;TRUE;5140401;extract;
;"Розміри, мм";([0-9]+(?:\.[0-9]+)?)\s*[xхX×]\s*([0-9]+(?:\.[0-9]+)?)\s*[xхX×]\s*([0-9]+(?:\.[0-9]+)?);regex;Висота;мм;$2 ;19;TRUE;5140401;extract;
;"Розміри, мм";([0-9]+(?:\.[0-9]+)?)\s*[xхX×]\s*([0-9]+(?:\.[0-9]+)?)\s*[xхX×]\s*([0-9]+(?:\.[0-9]+)?);regex;Довжина;мм;$3 ;20;TRUE;5140401;extract;
;Вес;([0-9]+(?:\.[0-9]+)?)\s*кг;regex;Вага;г;$1 кг;21;TRUE;5140401;extract;
;Вес;^([0-9]+(?:\.[0-9]+)?)$;regex;Вага;г;$1 ;22;TRUE;5140401;extract;
;Строк гарантії;([0-9]+)\s*(міс)\.?;regex;Гарантійний термін;$2 ;$1 ;23;TRUE;5140401;extract;
.*\bAHD\b.*;;;regex;Тип камери;;AHD;1;TRUE;301105;name;
.*HDCVI.*;;;regex;Тип камери;;HDCVI;2;TRUE;301105;name;
.*HD-CVI.*;;;regex;Тип камери;;HDCVI;3;TRUE;301105;name;
.*HD-TVI.*;;;regex;Тип камери;;HD-TVI;4;TRUE;301105;name;
.*HDTVI.*;;;regex;Тип камери;;HD-TVI;5;TRUE;301105;name;
.*Turbo HD.*;;;regex;Тип камери;;HD-TVI;6;TRUE;301105;name;
\bIP\b;;;regex;Тип камери;;IP;7;TRUE;301105;name;
\bWi-Fi\b;;;regex;Тип камери;;Wi-Fi;8;TRUE;301105;name;
\bWiFi\b;;;regex;Тип камери;;Wi-Fi;9;TRUE;301105;name;
\bWi\s*Fi\b;;;regex;Тип камери;;Wi-Fi;10;TRUE;301105;name;
.*PTZ.*;;;regex;Форм-фактор;;Поворотний;11;TRUE;301105;name;
.*Starlight.*;;;regex;Перемикання режимів "День/ніч";;Starlight;12;TRUE;301105;name;
.*ColorVu.*;;;regex;Перемикання режимів "День/ніч";;ColorVu;13;TRUE;301105;name;
\b([0-9]+)\s*(?:MP|МП)\b;;;regex;Роздільна здатність (Мп);;$1 ;14;TRUE;301105;name;
(?i).*антивандальн.*;;;regex;Антивандальний корпус;;Так;15;TRUE;301105;name;
\b720[Pp]?\b;;;regex;Роздільна здатність (Мп);;1;16;TRUE;301105;name;
\b1080[Pp]?\b;;;regex;Роздільна здатність (Мп);;2;17;TRUE;301105;name;
\b4[Kk]\b;;;regex;Роздільна здатність (Мп);;8;18;TRUE;301105;name;
;Форм-фактор;купольна;regex;Форм-фактор;;Купольний;19;TRUE;301105;attribute;
;Форм-фактор;циліндрична;regex;Форм-фактор;;Циліндричний (bullet);20;TRUE;301105;attribute;
;Форм-фактор;керована;regex;Форм-фактор;;Поворотний;21;TRUE;301105;attribute;
;Тип об'єктива;фіксований;regex;Тип об'єктива;;Фіксований;22;TRUE;301105;attribute;
;Тип об'єктива;моторизован;regex;Тип об'єктива;;Моторизований;23;TRUE;301105;attribute;
;Тип об'єктива;вар[іи]фокальн;regex;Тип об'єктива;;Варіофокальний;24;TRUE;301105;attribute;
;Підтримка Micro SD;^є$;regex;Порт для SD-карти;;Так;25;TRUE;301105;attribute;
;Вбудований мікрофон;^є$;regex;Вбудований мікрофон;;Так;26;TRUE;301105;attribute;
;Підтримка РОЕ;^є$;regex;Живлення;;PoE;27;TRUE;301105;attribute;
;Вхідна напруга / струм;12\s*[Vв];regex;Живлення;;Мережа 12В;28;TRUE;301105;attribute;
;Вхідна напруга / струм;24\s*[Vв];regex;Живлення;;Мережа 24В;29;TRUE;301105;attribute;
;Колір;білий;regex;Колір;;Білий;30;TRUE;301105;attribute;
;Колір;чорний;regex;Колір;;Чорний;31;TRUE;301105;attribute;
;"Довжина, мм";"([0-9]+(?:[.,][0-9]+)?)";regex;Довжина;мм;$1 ;32;TRUE;301105;extract;
;"Ширина, мм";"([0-9]+(?:[.,][0-9]+)?)";regex;Ширина;мм;$1 ;33;TRUE;301105;extract;
;"Висота, мм";"([0-9]+(?:[.,][0-9]+)?)";regex;Висота;мм;$1 ;34;TRUE;301105;extract;
;"Вага, кг";"([0-9]+(?:[.,][0-9]+)?)";regex;Вага;г;$1 кг;35;TRUE;301105;extract;
;"Гарантія, міс";([0-9]+);regex;Гарантійний термін;міс;$1 ;36;TRUE;301105;extract;
;Ступінь захисту (IP);(IP[0-9]{2});regex;Захист обладнання від води і пилу IP;;$1 ;37;TRUE;301105;extract;
;Тип підсвічування;ІЧ;regex;Наявність ІЧ-підсвічування;;Так;38;TRUE;301105;attribute;
;Тип підсвічування;LED;regex;Наявність LED-підсвічування;;Так;39;TRUE;301105;attribute;
;Нічне підсвічування м;([0-9]+);regex;Дальність ІЧ-підсвічування;м;$1 ;40;TRUE;301105;extract;
;Широкий динамічний діапазон (WDR);WDR;regex;WDR;;Так;41;TRUE;301105;attribute;
;Тип сенсора;Progressive.*CMOS;regex;Тип матриці;;Progressive Scan CMOS;42;TRUE;301105;attribute;
;Тип сенсора;\bCMOS\b;regex;Тип матриці;;CMOS;43;TRUE;301105;attribute;
;Кут огляду (градуси);По горизонталі:\s*([0-9.]+)°;regex;Кут огляду по горизонталі;град.;$1 ;44;TRUE;301105;extract;
;Кут огляду (градуси);По вертикалі:\s*([0-9.]+)°;regex;Кут огляду по вертикалі;град.;$1 ;45;TRUE;301105;extract;
;"Фокусна відстань, мм";"^([0-9]+(?:[.,][0-9]+)?)$";regex;Фокусна відстань;мм;$1 ;46;TRUE;301105;extract;
;"Фокусна відстань, мм";"([0-9]+(?:[.,][0-9]+)?)\s*-\s*([0-9]+(?:[.,][0-9]+)?)";regex;Мінімальне значення фокусної відстані;мм;$1 ;47;TRUE;301105;extract;
;"Фокусна відстань, мм";"([0-9]+(?:[.,][0-9]+)?)\s*-\s*([0-9]+(?:[.,][0-9]+)?)";regex;Максимальне значення фокусної відстані;мм;$2 ;48;TRUE;301105;extract;
;LPD (визначення номерних знаків);^є$;regex;Розпізнавання номерів;;Так;49;TRUE;301105;attribute;
;Wi-Fi;.+;regex;Бездротовий інтерфейс;;Так;50;TRUE;301105;attribute;
;Формат стиснення відео;H\.265\+;contains;Формат стиснення;;H.265+/H.265;51;TRUE;301105;extract;
;Формат стиснення відео;H\.264\+;contains;Формат стиснення;;H.264+/H.264;52;TRUE;301105;extract;
;Формат стиснення відео;MJPEG;contains;Формат стиснення;;MJPEG;53;TRUE;301105;extract;
;Формат стиснення відео;MPEG-4;contains;Формат стиснення;;MPEG-4;54;TRUE;301105;extract;
;Мінімальне освітлення;"([0-9]+(?:[.,][0-9]+)?)\s*люкс";regex;Чутливість;люкс;$1 ;55;TRUE;301105;extract;
;Максимальна апертура (світлосила);F\s*No\.?\s*([0-9.]+);regex;Світлосила об'єктива;F;$1 ;56;TRUE;301105;extract;
;Діапазон управління поворотом;Кут повороту:\s*([0-9]+)°;regex;Кут повороту;град.;$1 ;57;TRUE;301105;extract;
;Діапазон управління поворотом;вертикальний:\s*([0-9]+)°;regex;Кут нахилу;град.;$1 ;58;TRUE;301105;extract;
;Умови експлуатації;(-?[0-9]+)\s*°?[CС]?\s*[~～〜\-–—]+\s*\+?([0-9]+)\s*°?[CС];regex;Мінімальна робоча температура;град.;$1 ;59;TRUE;301105;extract;
;Умови експлуатації;(-?[0-9]+)\s*°?[CС]?\s*[~～〜\-–—]+\s*\+?([0-9]+)\s*°?[CС];regex;Максимальна робоча температура;град.;$2 ;60;TRUE;301105;extract;
;Цифрове зменшення шуму;3D;contains;DNR;;3D;61;TRUE;301105;attribute;
;Цифрове зменшення шуму;2D;contains;DNR;;2D;62;TRUE;301105;attribute;
;Виявлення руху;Вимк;contains;Виявлення руху;;Так;63;TRUE;301105;attribute;
;Маскування конфіденційності;Увімк;contains;Приватні маски;;Так;64;TRUE;301105;attribute;
;"Роздільна здатність, Mpx";"([0-9]+(?:[.,][0-9]+)?)";regex;Кількість мегапікселів;Мп;$1 ;65;TRUE;301105;extract;
;"Роздільна здатність, Mpx";"([0-9]+(?:[.,][0-9]+)?)";regex;Роздільна здатність (Мп);;$1 ;66;TRUE;301105;extract;
;Аудіо;(вихід|динамік);regex;Аудиовихід;;Так;67;TRUE;301105;attribute;
;День і ніч;День;contains;Режим зйомки "День/ніч";;Так;68;TRUE;301105;attribute;
;Тип;Системи резервного живлення;exact;Тип устройства;;Автономні системи живлення;1;TRUE;14191106;attribute;
;Тип;модуль для віддаленого управління;exact;Тип устройства;;ДБЖ;2;TRUE;14191106;attribute;
;Тип;лінійно-інтерактивний з правильною синусоїдою;exact;Тип устройства;;ДБЖ;3;TRUE;14191106;attribute;
;Тип;лінійно-інтерактивний з правильною синусоїдою;exact;Тип устройства;;ДБЖ;4;TRUE;14191106;attribute;
;Тип;лінійно-інтерактивний з правильною синусоїдою;exact;Тип устройства;;ДБЖ;5;TRUE;14191106;attribute;
;Тип;блоки безперебійного живлення;exact;Тип устройства;;ДБЖ;6;TRUE;14191106;attribute;
;Тип;блоки безперебійного живлення;exact;Тип устройства;;ДБЖ;7;TRUE;14191106;attribute;
(?i).*\bконтрол+ер\b.*;;;regex;Тип пристрою;;Контролер;1;TRUE;301312;extract;
(?i).*\bwi[-\s]?fi\b.*;;;regex;Протокол зв'язку;;Wi-Fi;2;TRUE;301312;extract;
(?i).*\bwi[-\s]?fi\b.*;;;regex;Інтерфейс;;Бездротовий;3;TRUE;301312;extract;
;Тип;.*контрол.*;regex;Тип пристрою;;Контролер;4;TRUE;301312;attribute;
;Матеріал корпусу;.*пластик.*;regex;Матеріал;;Пластик;5;TRUE;301312;attribute;
;Матеріал корпусу;.*метал.*;regex;Матеріал;;Метал;6;TRUE;301312;attribute;
;Колір;.*чорн.*;regex;Колір;;Чорний;7;TRUE;301312;attribute;
;"Протоколи, кГц";^\s*125\s*(?:кГц)?\s*$;regex;Підтримка стандартів;;EM Marine;8;TRUE;301312;attribute;
;Емність;(\d+);regex;Max кількість ідентифікаторів;;$1 ;9;TRUE;301312;extract;
;Ступінь захисту;(IP[0-9]{2});regex;Захист обладнання від води і пилу IP;;$1 ;10;TRUE;301312;extract;
;Мінімальна робоча температура;(-?\d+);regex;Мінімальна робоча температура;град.;$1 ;11;TRUE;301312;extract;
;Максимальна робоча температура;(-?\d+);regex;Максимальна робоча температура;град.;$1 ;12;TRUE;301312;extract;
;"Робоча температура, °C";(-?\d+)\s*~\s*\+?-?\d+;regex;Мінімальна робоча температура;град.;$1 ;13;TRUE;301312;extract;
;"Робоча температура, °C";-?\d+\s*~\s*\+?(-?\d+);regex;Максимальна робоча температура;град.;$1 ;14;TRUE;301312;extract;
;"Висота, мм";([0-9]+(?:\.[0-9]+)?);regex;Висота;мм;$1 ;15;TRUE;301312;extract;
;"Довжина, мм";([0-9]+(?:\.[0-9]+)?);regex;Довжина;мм;$1 ;16;TRUE;301312;extract;
;"Ширина, мм";([0-9]+(?:\.[0-9]+)?);regex;Ширина;мм;$1 ;17;TRUE;301312;extract;
;"Гарантія, міс";([0-9]+);regex;Гарантійний термін;міс;$1 ;18;TRUE;301312;extract;
(?i).*\b(?:імпульсн|импульсн|pulse|switching)\b.*;;;regex;Тип блоку живлення;;Імпульсний;1;TRUE;14191103;extract;
(\d+(?:\.\d+)?)\s*[VВ]\s*\d+(?:\.\d+)?\s*[AА];;;regex;Вихідна напруга;В;$1 ;2;TRUE;14191103;extract;
\d+(?:\.\d+)?\s*[VВ]\s*(\d+(?:\.\d+)?)\s*[AА];;;regex;"Вихідний струм, не більше";А;$1 ;3;TRUE;14191103;extract;
\((\d+(?:\.\d+)?)\s*W\);;;regex;Вихідна потужність;Вт;$1 ;4;TRUE;14191103;extract;
;Тип;.*імпульсн.*;regex;Тип блоку живлення;;Імпульсний;5;TRUE;14191103;attribute;
;Тип корпусу;.*герметичний.*;regex;Тип корпусу;;Герметично закритий;6;TRUE;14191103;attribute;
;Тип корпусу;.*перфорован.*;regex;Тип корпусу;;Незакритий;7;TRUE;14191103;attribute;
;Матеріал корпусу;.*метал.*;regex;Матеріал корпусу;;Метал;8;TRUE;14191103;attribute;
;Матеріал корпусу;.*пластик.*;regex;Матеріал корпусу;;Пластик;9;TRUE;14191103;attribute;
;"Вхідна напруга, V";(\d+(?:\.\d+)?)\s*[-–—~]\s*\d+(?:\.\d+)?;regex;Мінімальна вхідна напруга;В;$1 ;10;TRUE;14191103;extract;
;"Вхідна напруга, V";\d+(?:\.\d+)?\s*[-–—~]\s*(\d+(?:\.\d+)?);regex;Максимальна вхідна напруга;В;$1 ;11;TRUE;14191103;extract;
;"Вихідна напруга, V";([0-9]+(?:\.[0-9]+)?);regex;Вихідна напруга;В;$1 ;12;TRUE;14191103;extract;
;"Потужність, W";([0-9]+(?:\.[0-9]+)?);regex;Вихідна потужність;Вт;$1 ;13;TRUE;14191103;extract;
;Захист від короткого замикання;.*є.*;regex;Захист від короткого замикання;;Так;14;TRUE;14191103;attribute;
;Захист від перевантаження;.*є.*;regex;Захист від перевантаження;;Так;15;TRUE;14191103;attribute;
;Тип захисту;(IP[0-9]{2});regex;Ступінь захисту IP;;$1 ;16;TRUE;14191103;extract;
;Мінімальна робоча температура;(-?\d+);regex;Мінімальна робоча температура;град.;$1 ;17;TRUE;14191103;extract;
;Максимальна робоча температура;(-?\d+);regex;Максимальна робоча температура;град.;$1 ;18;TRUE;14191103;extract;
;"Робоча температура, °C";(-?\d+)\s*~\s*\+?-?\d+;regex;Мінімальна робоча температура;град.;$1 ;19;TRUE;14191103;extract;
;"Робоча температура, °C";-?\d+\s*~\s*\+?(-?\d+);regex;Максимальна робоча температура;град.;$1 ;20;TRUE;14191103;extract;
;"Довжина, мм";([0-9]+(?:\.[0-9]+)?);regex;Довжина;мм;$1 ;21;TRUE;14191103;extract;
;"Ширина, мм";([0-9]+(?:\.[0-9]+)?);regex;Ширина;мм;$1 ;22;TRUE;14191103;extract;
;"Висота, мм";([0-9]+(?:\.[0-9]+)?);regex;Висота;мм;$1 ;23;TRUE;14191103;extract;
;"Вага, кг";([0-9]+(?:\.[0-9]+)?);regex;Вага;кг;$1 ;24;TRUE;14191103;extract;
;"Гарантія, міс";([0-9]+);regex;Гарантійний термін;міс;$1 ;25;TRUE;14191103;extract;
;Тип індикації;.*світлодіод.*;regex;Тип індикації;;Світлодіодна;26;TRUE;14191103;attribute;
;Вихідне під'єднання;.*клем.*;regex;Гвинтове приєднання;;Так;27;TRUE;14191103;attribute;
;Тип під'єднання до мережі;.*клем.*;regex;Гвинтове приєднання;;Так;28;TRUE;14191103;attribute;
;Тип під'єднання споживача;.*гвинтов.*;regex;Гвинтове приєднання;;Так;29;TRUE;14191103;attribute;
.*\b(online|он-?лайн)\b.*;;;regex;Тип ДБЖ;;З подвійним перетворенням (On-line);1;TRUE;14191106;extract;
.*\b(offline|off-?line|standby)\b.*;;;regex;Тип ДБЖ;;Резервний (Off-line або Standby);2;TRUE;14191106;extract;
.*\b(line-?interactive|інтерактивн)\b.*;;;regex;Тип ДБЖ;;Лінійно-інтерактивний (Line-Interactive);3;TRUE;14191106;extract;
;Тип;(?i)лінійно-інтерактивн.*правильною синусоїдою;regex;Тип ДБЖ;;Лінійно-інтерактивний (Line-Interactive);4;TRUE;14191106;attribute;
".*\((\d+(?:[.,]\d+)?)\s*Вт\).*";;;regex;Вихідна потужність;Вт;$1 ;5;TRUE;14191106;attribute;
;"Потужність, VA/W";"^\s*\d+(?:[.,]\d+)?\s*/\s*(\d+(?:[.,]\d+)?)\s*$";regex;Вихідна потужність;Вт;$1 ;6;TRUE;14191106;attribute;
;"Потужність, W";"^\s*(\d+(?:[.,]\d+)?)\s*$";regex;Вихідна потужність;Вт;$1 ;7;TRUE;14191106;attribute;
;"Номінальна напруга АКБ, V";"^\s*(\d+(?:[.,]\d+)?)\s*$";regex;Напруга акумулятору;В;$1 ;8;TRUE;14191106;attribute;
;"Діапазон вхідної напруги, V";"^\s*(\d+(?:[.,]\d+)?)\s*[-–—~]\s*(\d+(?:[.,]\d+)?)\s*$";regex;Мінімальна вхідна напруга;В;$1 ;9;TRUE;14191106;attribute;
;"Діапазон вхідної напруги, V";"^\s*(\d+(?:[.,]\d+)?)\s*[-–—~]\s*(\d+(?:[.,]\d+)?)\s*$";regex;Максимальна вхідна напруга;В;$2 ;10;TRUE;14191106;attribute;
;"Вхідна напруга, V";"^\s*(\d+(?:[.,]\d+)?)\s*[-–—~]\s*(\d+(?:[.,]\d+)?)\s*$";regex;Мінімальна вхідна напруга;В;$1 ;11;TRUE;14191106;attribute;
;"Вхідна напруга, V";"^\s*(\d+(?:[.,]\d+)?)\s*[-–—~]\s*(\d+(?:[.,]\d+)?)\s*$";regex;Максимальна вхідна напруга;В;$2 ;12;TRUE;14191106;attribute;
;"Вихідна напруга, V";"^\s*(\d+(?:[.,]\d+)?)\s*(?:±.*)?$";regex;Вихідна напруга;В;$1 ;13;TRUE;14191106;attribute;
;Форма вихідної напруги;(?i)правильн.*синусо[їі]д.*|чист.*синусо[їі]д.*;regex;Форма вихідної напруги;;Чиста синусоїда;14;TRUE;14191106;attribute;
;Тип АКБ;(?i)^LiFePO4$;regex;Тип акумулятора;;LiFePO4;15;TRUE;14191106;attribute;
;"Максимальний струм заряду АКБ, A";"^\s*(\d+(?:[.,]\d+)?)\s*$";regex;Струм заряду;А;$1 ;16;TRUE;14191106;attribute;
;"Струм заряду від мережі, A";"^\s*(\d+(?:[.,]\d+)?)\s*$";regex;Струм заряду;А;$1 ;17;TRUE;14191106;attribute;
;"Частотний діапазон, Hz";^\s*(\d+)\s*(?:/\s*\d+)?\s*$;regex;Частота струму;Гц;$1 ;18;TRUE;14191106;attribute;
;"Вихідна частота, Гц";^\s*(\d+)\s*/\s*\d+;regex;Частота струму;Гц;$1 ;19;TRUE;14191106;attribute;
;"Максимальний ККД, %";"^\s*(\d+(?:[.,]\d+)?)\s*$";regex;"ККД, не менше";%;$1 ;20;TRUE;14191106;attribute;
;"Гарантія, міс";^\s*(\d+)\s*$;regex;Гарантійний термін;міс;$1 ;21;TRUE;14191106;attribute;
;Гарантія;^\s*(\d+)\s*$;regex;Гарантійний термін;міс;$1 ;22;TRUE;14191106;attribute;
;"Довжина, мм";"^\s*(\d+(?:[.,]\d+)?)\s*$";regex;Довжина;мм;$1 ;23;TRUE;14191106;attribute;
;"Ширина, мм";"^\s*(\d+(?:[.,]\d+)?)\s*$";regex;Ширина;мм;$1 ;24;TRUE;14191106;attribute;
;"Висота, мм";"^\s*(\d+(?:[.,]\d+)?)\s*$";regex;Висота;мм;$1 ;25;TRUE;14191106;attribute;
;"Вага, кг";"^\s*(\d+(?:[.,]\d+)?)\s*$";regex;Вага;кг;$1 ;26;TRUE;14191106;attribute;
;Матеріал корпусу;(?i)^метал$;regex;Матеріал корпусу;;Метал;27;TRUE;14191106;attribute;
;Встановлення;(?i)підлогов.*;regex;Тип монтажу;;Підлоговий;28;TRUE;14191106;attribute;
;Встановлення;(?i)настінн.*;regex;Тип монтажу;;Настінний;29;TRUE;14191106;attribute;
;Колір;(?i)чорн.*;regex;Колір корпусу;;Чорний;30;TRUE;14191106;attribute;
;Колір;(?i)сір.*;regex;Колір корпусу;;Сірий;31;TRUE;14191106;attribute;
;Кількість виходів;^\s*(\d+)\s*$;regex;Кількість вихідних розеток;шт.;$1 ;32;TRUE;14191106;attribute;
;Тип індикації;(?i)^LED$;regex;Індикація;;Світлова;33;TRUE;14191106;attribute;
;Тип індикації;(?i)^LCD$|^РК-дисплей$;regex;Індикація;;Цифрова;34;TRUE;14191106;attribute;
;Режим комунікації;\bRS485\b;regex;Інтерфейс для підключення зовнішніх пристроїв;;RS485;35;TRUE;14191106;attribute;
;Інтерфейс під'єднання до ПК;\bRS232\b;regex;Інтерфейс для підключення зовнішніх пристроїв;;RS232;36;TRUE;14191106;attribute;
;Функція стабілізації напруги AVR;(?i)^є$;regex;Автоматичне регулювання напруги;;Так;37;TRUE;14191106;attribute;
;Захист від перевантаження;(?i)^є$;regex;Захист від перевантаження;;Так;38;TRUE;14191106;attribute;
;Захист;(?i)перевантаженн;regex;Захист від перевантаження;;Так;39;TRUE;14191106;attribute;
;Захист від короткого замикання;(?i)^є$;regex;Захист від короткого замикання;;Так;40;TRUE;14191106;attribute;
;Захист;(?i)коротк.*замикан;regex;Захист від короткого замикання;;Так;41;TRUE;14191106;attribute;
;Ступінь захисту;(?i)IP\s*(\d{2});regex;Ступінь захисту IP;;$1 ;42;TRUE;14191106;attribute;
;Тип захисту;(?i)IP\s*(\d{2});regex;Ступінь захисту IP;;$1 ;43;TRUE;14191106;attribute;
;"Час перемикання, мс";"^\s*(\d+(?:[.,]\d+)?)\s*[-–—]\s*(\d+(?:[.,]\d+)?)\s*$";regex;Час перемикання;мс;$2 ;44;TRUE;14191106;attribute;
;"Час перемикання, мс";"^\s*(\d+(?:[.,]\d+)?)\s*$";regex;Час перемикання;мс;$1 ;45;TRUE;14191106;attribute;
(?i).*\bLEMG\b.*;;;regex;Тип замка;;Електромагнітний;1;TRUE;301010;name;
(?i).*\bLEMD\b.*;;;regex;Тип замка;;Електромагнітний;2;TRUE;301010;name;
(?i).*\bLEMR\b.*;;;regex;Тип замка;;ригельна система запирання;3;TRUE;301010;name;
(?i).*\bелектромагнітн\w*\b.*;;;regex;Тип замка;;Електромагнітний;4;TRUE;301010;name;
(?i).*\bелектроригельн\w*\b.*;;;regex;Тип замка;;ригельна система запирання;5;TRUE;301010;name;
(?i).*\bврізн\w*\b.*;;;regex;Тип встановлення замку;;Врізний;6;TRUE;301010;name;
(?i).*\bнакладн\w*\b.*;;;regex;Тип встановлення замку;;Накладний;7;TRUE;301010;name;
;Тип;(?i)замки\s+електромагнітні;regex;Тип замка;;Електромагнітний;8;TRUE;301010;attribute;
;Тип;(?i)замки\s+електроригельні;regex;Тип замка;;ригельна система запирання;9;TRUE;301010;attribute;
;Вид встановлення;(?i)накладн;regex;Тип встановлення замку;;Накладний;10;TRUE;301010;attribute;
;Вид встановлення;(?i)врізн;regex;Тип встановлення замку;;Врізний;11;TRUE;301010;attribute;
;Тип покриття;(?i)анодований\s+алюміній;regex;Матеріал замку;;Анодований алюміній;12;TRUE;301010;attribute;
;Тип покриття;(?i)нержавіюча\s+сталь;regex;Матеріал замку;;Нержавіюча сталь;13;TRUE;301010;attribute;
;"Сила утримання, кг";^(\d+)$;regex;Сила утримання;кг;$1 ;14;TRUE;301010;extract;
;"Сила утримання, кг";\d+[хxX](\d+);regex;Сила утримання;кг;$1 ;15;TRUE;301010;extract;
;"Живлення, V/A";^12(?:[/\\]|$|\s);regex;Живлення;;Мережа 12В;16;TRUE;301010;attribute;
;"Живлення, V/A";(?i)^2-dec;regex;Живлення;;Мережа 12В;17;TRUE;301010;attribute;
;"Живлення, V/A";(?i)^1-dec;regex;Живлення;;Мережа 12В;18;TRUE;301010;attribute;
;"Живлення, V/A";^9-15;regex;Живлення;;Мережа 12В;19;TRUE;301010;attribute;
;"Живлення, V/A";^(\d+)$;regex;Напруга;В;$1 ;20;TRUE;301010;extract;
;"Живлення, V/A";^(\d+)/[0-9.]+$;regex;Напруга;В;$1 ;21;TRUE;301010;extract;
;"Живлення, V/A";^\d+/([0-9.]+)$;regex;Значення вихідного струму;А;$1 ;22;TRUE;301010;extract;
;"Довжина, мм";"([0-9]+(?:[.,][0-9]+)?)";regex;Довжина;мм;$1 ;23;TRUE;301010;extract;
;"Ширина, мм";"([0-9]+(?:[.,][0-9]+)?)";regex;Ширина;мм;$1 ;24;TRUE;301010;extract;
;"Висота, мм";"([0-9]+(?:[.,][0-9]+)?)";regex;Висота;мм;$1 ;25;TRUE;301010;extract;
;"Вага, кг";"([0-9]+(?:[.,][0-9]+)?)";regex;Вага;кг;$1 ;26;TRUE;301010;extract;
;"Гарантія, міс";([0-9]+);regex;Гарантійний термін;міс;$1 ;27;TRUE;301010;extract;
;Індикація;(?i)^є$;regex;Індикація відкриття/закриття;;Так;28;TRUE;301010;attribute;
;Комплектація;(?i).*кріплення.*;regex;Кріпильний комплект;;Так;29;TRUE;301010;attribute;
;Комплектація;(?i).*трафарет.*;regex;Шаблон для монтажу;;Так;30;TRUE;301010;attribute;
;Комплектація;(?i).*інстр[уо]кці.*;regex;Інструкція по установці/експлуатації;;Так;31;TRUE;301010;attribute;
;Додатково;(?i).*кнопка\s+виходу.*;regex;Кнопка виходу;;1;32;TRUE;301010;attribute;
;Додатково;(\d+)\s*ключ;regex;Кількість ключів;;$1 ;33;TRUE;301010;extract;
;Додатково;(\d+)\s*ключ;regex;Відкриття пристрою;;Ключем;34;TRUE;301010;attribute;
;Додатково;(\d+)\s*карт;regex;Кількість шаблонів карт/ключів;;$1 ;35;TRUE;301010;extract;
;Додатково;(?i).*майстер[\s\-]карта.*;regex;Майстер-ключ;;Так;36;TRUE;301010;attribute;
;Додатково;(?i).*зчитувач.*;regex;Відкриття пристрою;;Ідентифікатором;37;TRUE;301010;attribute;
;Мінімальна робоча температура;"(-?\d+(?:[.,]\d+)?)";regex;Мінімальна робоча температура;град.;$1 ;100;TRUE;301010;extract;
;Максимальна робоча температура;"(\d+(?:[.,]\d+)?)";regex;Максимальна робоча температура;град.;$1 ;101;TRUE;301010;extract;
;"Робоча температура, °C";(?<!\d)((?:[\-–—−]\s*)?\d+)\s*(?:°\s*[cсС]|℃|°)?\s*[~\-–—]\s*\+?\s*((?:[\-–—−]\s*)?\d+)\s*(?:°\s*[cсС]|℃|°)?;regex;Мінімальна робоча температура;град.;$1 ;102;TRUE;301010;extract;
;"Робоча температура, °C";(?<!\d)((?:[\-–—−]\s*)?\d+)\s*(?:°\s*[cсС]|℃|°)?\s*[~\-–—]\s*\+?\s*((?:[\-–—−]\s*)?\d+)\s*(?:°\s*[cсС]|℃|°)?;regex;Максимальна робоча температура;град.;$2 ;103;TRUE;301010;extract;
;Тип;зчитувачі;exact;Тип пристрою;;Зчитувач електронний безконтактний;1;TRUE;301311;attribute;
;Вид встановлення;накладний;exact;Тип встановлення;;Накладної;2;TRUE;301311;attribute;
;Вид встановлення;врізний;exact;Тип встановлення;;Врізний;3;TRUE;301311;attribute;
;Вид встановлення;;exact;Форм-фактор;;Стаціонарний;4;TRUE;301311;attribute;
;Для встановлення;у приміщенні або на вулиці;exact;Застосування;;В приміщенні/Уличне;5;TRUE;301311;attribute;
;Для встановлення;в приміщенні;exact;Застосування;;У приміщенні;6;TRUE;301311;attribute;
;"Протоколи, кГц";^\s*125\s*(?:кГц)?\s*$;regex;Робоча частота пристрою;;125 КГц;7;TRUE;301311;attribute;
;"Протоколи, кГц";^\s*125\s*(?:кГц)?\s*$;regex;Підтримка стандартів;;EM Marine;8;TRUE;301311;attribute;
;Ступінь захисту;(IP[0-9]{2});regex;Захист обладнання від води і пилу IP;;$1 ;9;TRUE;301311;extract;
;Матеріал корпусу;метал;exact;Матеріал;;Метал;10;TRUE;301311;attribute;
;Матеріал корпусу;пластик;exact;Матеріал;;Пластик;11;TRUE;301311;attribute;
;Колір;білий;exact;Колір;;Білий;12;TRUE;301311;attribute;
;Колір;чорний;exact;Колір;;Чорний;13;TRUE;301311;attribute;
;"Довжина, мм";"([0-9]+(?:[.,][0-9]+)?)";regex;Довжина (мм);мм;$1 ;14;TRUE;301311;extract;
;"Ширина, мм";"([0-9]+(?:[.,][0-9]+)?)";regex;Ширина (мм);мм;$1 ;15;TRUE;301311;extract;
;"Висота, мм";"([0-9]+(?:[.,][0-9]+)?)";regex;Висота (мм);мм;$1 ;16;TRUE;301311;extract;
;Мінімальна робоча температура;(-?\d+);regex;Мінімальна робоча температура (град.);град.;$1 ;17;TRUE;301311;extract;
;Максимальна робоча температура;(-?\d+);regex;Максимальна робоча температура (град.);град.;$1 ;18;TRUE;301311;extract;
;"Гарантія, міс";([0-9]+);regex;Гарантійний термін (міс);міс;$1 ;19;TRUE;301311;extract;
.*IP\s*видеорегистратор.*;;;regex;Тип відеореєстратора;;NVR;1;TRUE;301101;extract;
.*Гибридный\s*видеорегистратор.*;;;regex;Тип відеореєстратора;;AHD;2;TRUE;301101;extract;
;Тип;^NVR$;regex;Тип відеореєстратора;;NVR;3;TRUE;301101;extract;
;Тип;^GHD$;regex;Тип відеореєстратора;;AHD;4;TRUE;301101;extract;
.*?(\d+)-канальный.*;;;regex;Кількість каналів;;$1 ;5;TRUE;301101;extract;
;Формат відеостиснення;.*H\.265\+.*;regex;Формат стиснення;;H.265+;6;TRUE;301101;extract;
;Формат відеостиснення;.*H\.265.*;regex;Формат стиснення;;H.265;7;TRUE;301101;extract;
;Формат відеостиснення;.*H\.264\+.*;regex;Формат стиснення;;H.264+;8;TRUE;301101;extract;
;Формат відеостиснення;.*H\.264.*;regex;Формат стиснення;;H.264;9;TRUE;301101;extract;
;Формат відеостиснення;.*MJPEG.*;regex;Формат стиснення;;MJPEG;10;TRUE;301101;extract;
;Формат відеостиснення;.*MPEG-4.*;regex;Формат стиснення;;MPEG-4;11;TRUE;301101;extract;
;Вхідна напруга / струм;DC\s*12\s*[VВB];regex;Живлення;;Мережа 12В;12;TRUE;301101;extract;
;RS485;(?i)^так$;regex;RS-485;;Так;13;TRUE;301101;value;
;HDMI 1;^(?!Н/Д).+$;regex;HDMI відеовихід;;Так;14;TRUE;301101;value;
;VGA;^(?!Н/Д).+$;regex;VGA відеовихід;;Так;15;TRUE;301101;value;
;Передача живлення на камери;(?i)^так$;regex;Підтримка PoE;;Так;16;TRUE;301101;value;
;POE;\d+\s*[VВ]\s*/\s*\d+\s*Port;regex;Підтримка PoE;;Так;17;TRUE;301101;value;
;POE;(\d+)\s*Port;regex;Кількість вбудованих портів POE;;$1 ;18;TRUE;301101;value;
;Кількість підтримуваних HDD;^\s*(\d+)\s*$;regex;Количество HDD;;$1 ;19;TRUE;301101;value;
;Кількість підтримуваних HDD;^\s*(\d+)\s*Hot\s*Plug\s*$;regex;Количество HDD;;$1 ;20;TRUE;301101;value;
;Кількість підтримуваних HDD;(?i)Hot\s*Plug;regex;Горячая замена HDD;;Так;21;TRUE;301101;value;
;Роздільна здатність;^4000х3000;regex;Дозвіл запису;;4000х3000;22;TRUE;301101;extract;
;Роздільна здатність;^3840x2160;regex;Дозвіл запису;;3840х2160;23;TRUE;301101;extract;
;Тривожні входи/виходи;16\s*вхідних\s*/\s*1\s*вихідний;regex;Тривожні входи/виходи;;16/1;24;TRUE;301101;extract;
;Тривожні входи/виходи;8\s*вхідних\s*/\s*1\s*вихідний;regex;Тривожні входи/виходи;;1-Aug;25;TRUE;301101;extract;
;Тривожні входи/виходи;16\s*вхідних\s*/\s*4\s*вихідних;regex;Тривожні входи/виходи;;16/4;26;TRUE;301101;extract;
;Комплектація;(?i)Мишка;regex;Управління відеореєстратором;;ПК миша і/або клавіатура;27;TRUE;301101;extract;
;Web;^(?!Н/Д).+$;regex;Управління відеореєстратором;;В вікні WEB-браузера;28;TRUE;301101;extract;
.*?(\d+)\s*MP\b.*;;;regex;Якість картинки;MP;$1 ;29;TRUE;301101;extract;
;Управління поворотними камерами;(?i)^є$;regex;Телеметрія;;Так;30;TRUE;301101;extract;
;Режим запису;Ручний режим;regex;Режимі ручної зйомки;;Так;31;TRUE;301101;extract;
;Режим запису;Таймер;regex;Режим запису за розкладом;;Так;32;TRUE;301101;extract;
;Режим запису;Динамічне виявлення;regex;Режим запису за рухом;;Так;33;TRUE;301101;extract;
;Мінімальна робоча температура;^\s*(-?\d+)\s*$;regex;Мінімальна робоча температура;град.;($1);34;TRUE;301101;extract;
;Максимальна робоча температура;^\s*(-?\d+)\s*$;regex;Максимальна робоча температура;град.;$1 ;35;TRUE;301101;extract;
;"Довжина, мм";"^\s*(\d+(?:[.,]\d+)?)\s*$";regex;Довжина;мм;$1 ;36;TRUE;301101;extract;
;"Ширина, мм";"^\s*(\d+(?:[.,]\d+)?)\s*$";regex;Ширина;мм;$1 ;37;TRUE;301101;extract;
;"Висота, мм";"^\s*(\d+(?:[.,]\d+)?)\s*$";regex;Висота;мм;$1 ;38;TRUE;301101;extract;
;"Вага, кг";"^\s*(\d+(?:[.,]\d+)?)\s*$";regex;Вага;кг;$1 ;39;TRUE;301101;extract;
;"Гарантія, міс";^\s*(\d+)\s*$;regex;Гарантійний термін;міс;$1 ;40;TRUE;301101;extract;
