prom_category_id;prom_category_name;threshold;coef_transition
;;;1.15
513;Комплектующие для освещения и электрики > Электрические удлинители;1.28;
518;Аудиотехника и аксессуары > Акустические системы;1.27;
602;Крупная бытовая техника для кухни > Холодильники;1.23;
608;Бытовая техника для дома > Пылесосы;1.26;
623;Аксессуары для телевизоров и проекторов > ДУ пульты;1.31;
625;Климатическая техника > Увлажнители и очистители воздуха;1.23;
706;Компьютерная техника и ПО > Мониторы;1.25;
1336;Аксессуары и фурнитура для окон и дверей > Дверные звонки;1.28;
1354;Леса и другие конструкции для ремонтно-строительных работ > Комплектующие для лестниц и строительных лесов;1.24;
1507;Аудиотехника и аксессуары > Батарейки;1.30;
1902;Видеотехника > Видеокамеры, экшн-камеры;1.26;
2657;Фото-, видеокамеры и аксессуары > Квадрокоптеры;1.23;
2703;Товары для ухода за домашними животными > Средства для гигиены животных;1.22;
3029;Система умный дом > Домофоны;1.27;
3030;Средства и системы СКУД > Системы СКУД;1.15;
30813;Спецодежда и обувь > Защитная спецодежда;1.31;
33915;Аксессуары > Дождевики;1.26;
50505;Радиоизмерительные приборы > Металлоискатели, металлодетекторы;1.27;
50904;Оборудование для электроснабжения > Щитовое оборудование;1.26;
50906;Средства связи и позиционирования > Переговорные устройства;1.18;
50918;Инструмент для сетевых работ > Кабельные тестеры, wi-fi тестеры;1.26;
50928;Активное сетевое оборудование > Оборудование для питания по ethernet;1.22;
52806;Системы использующие солнечную энергию > Солнечные панели;1.24;
53004;Электрика > Электрические розетки;1.26;
53005;Комплектующие для освещения и электрики > Вилки электрические;1.27;
63022;Бытовая техника для дома > Пароочистители;1.27;
63701;Аудиотехника и аксессуары > Усилители звука;1.27;
63705;Носители информации > Карты памяти;1.29;
63708;Аксессуары для телевизоров и проекторов > Крепления и лифты для бытовой, цифровой техники;1.30;
63719;Аксессуары для телевизоров и проекторов > Кабели для электроники;1.27;
64404;Запчасти и аксессуары для бытовой техники > Запчасти для пылесосов, пароочистителей;1.27;
64430;Запчастини для зволожувачів, очищувачів повітря;1.25;
70105;Компьютерная техника и ПО > Планшеты;1.23;
70306;Монтажное оборудование > Монтажные шкафы;1.26;
70308;Серверное оборудование > Аксессуары и комплектующие для серверного оборудования;1.15;
70501;Носители информации > USB накопители;1.29;
70704;Комплектующие для компьютерной техники > Внутренние и внешние жесткие диски, HDD, SSD;1.20;
70807;Серверное оборудование > Сетевые накопители;1.23;
71109;Повербанки и зарядные станции > Повербанки;1.29;
71113;Компьютерные аксессуары > Компьютерные клавиатуры;1.26;
71902;Беспроводная связь > Роутеры;1.23;
71903;Активное сетевое оборудование > Коммутаторы;1.24;
100703;Системы использующие солнечную энергию > Солнечные контроллеры;1.24;
101003;Альтернативные источники энергии > Комплектующие для альтернативных источников энергии;1.25;
121105;Оборудование для автомоек > Аппараты высокого давления;1.27;
121246;Средства аварийной безопасности > Наборы и аксессуары для автомобилиста;1.27;
135605;Ворота, ограждения, шлагбаумы и комплектующие > Шлагбаумы;1.15;
141002;Компрессоры > Компрессоры поршневые;1.23;
141702;Оснастка для инструмента > Отверточные биты;1.27;
141703;Электроинструмент > Фрезерные машины;1.24;
141706;Электроинструмент > Строительные фены;1.24;
141711;Электроинструмент > Дрели, шуруповерты;1.24;
141714;Электроинструмент > Электрические гайковерты;1.24;
141717;Электроинструмент > Шлифовальные машины;1.24;
141718;Электроинструмент > Штроборезы;1.24;
141720;Электрические пилы > Электроножовки;1.24;
141725;Электроинструмент > Перфораторы;1.24;
141726;Электроинструмент > Клеевые электрические пистолеты;1.25;
141735;Электроинструмент > Многофункциональные инструменты;1.24;
142001;Инструмент > Комплектующие и запчасти для инструмента;1.27;
142004;Инструмент > Наборы инструментов;1.27;
142007;Инструмент > Ящики, сумки для инструментов;1.27;
142614;Вспомогательное оборудование > Станины, верстаки, рабочие столы;1.27;
143109;Металлообрабатывающие станки > Точильные станки;1.24;
147002;Промышленное уборочное и очистительное оборудование > Промышленные пылесосы;1.15;
150111;Гигиена и уход за детьми > Аксессуары для безопасности детей;1.28;
150401;Освещение, электрика > Уличное освещение;1.28;
150402;Светильники > Лампочки;1.27;
150410;Туристические инструменты > Ручные и налобные фонари;1.30;
151406;Уборка > Хозяйственные перчатки;1.27;
153502;Система умный дом > Аксессуары для домофонного оборудования;1.26;
153504;Система умный дом > Датчики для умного дома;1.27;
153709;Приборы измерения, регулирования температуры > Термометры, пирометры, тепловизоры;1.27;
153719;Датчики > Датчики качества воздуха;1.25;
153729;Оптические приборы и системы > Тактические тепловизоры;1.18;
180312;Товары для охоты > Фотоловушки, камеры для охоты;1.24;
181010;Туристические инструменты > Ножи для охоты, рыбалки и туризма;1.26;
181613;Оптические приборы и системы > Прицелы и мушки;1.18;
190403;Оптические приборы и системы > Лазерные дальномеры;1.27;
190407;Оптичні прилади і системи > Комплектуючі для оптичних приладів;1.27;
240457;Туристическая посуда > Туристические фляги;1.25;
270204;Кормление домашних животных и птиц > Кормушки, поилки и миски для домашних животных и птиц;1.22;
300402;Средства аварийной безопасности > Проблесковые маячки, спецсигналы и сирены;1.27;
300418;Оборудование электронное, приборы защиты и безопасности > Системы защиты от потопа;1.26;
300921;Пожарная автоматика > Пожарные извещатели;1.15;
300934;Пожарная автоматика > Модули контроля и управления;1.25;
301010;Замки и защелки > Замки;1.26;
301101;Система умный дом > Стационарные видеорегистраторы;1.27;
301105;Технические средства видеонаблюдения > Камеры видеонаблюдения;1.29;
301106;Технические средства видеонаблюдения > Объективы для камер видеонаблюдения;1.15;
301110;Комплектующие для систем видеонаблюдения > Пульты для систем видеонаблюдения;1.15;
301112;Комплектующие для систем видеонаблюдения > Кожухи и кронштейны;1.27;
301301;Средства и системы СКУД > Турникеты;1.15;
301305;Система умный дом > Кодонаборные клавиатуры;1.15;
301310;Средства и системы СКУД > Идентификаторы;1.15;
301311;Средства и системы СКУД > Считыватели;1.15;
301312;Средства и системы СКУД > Контроллеры СКУД;1.15;
301501;Средства организации дорожного движения > Временные дорожные ограждения;1.27;
301901;Средства защиты > Средства защиты органов дыхания;1.18;
301908;Средства безопасности труда > Средства защиты глаз;1.25;
301911;Средства защиты > Строительные каски;1.25;
302302;Системы охраны и оповещения > Охранные извещатели;1.24;
302303;Системы охраны и оповещения > Приемно-контрольные приборы и приборы управления;1.15;
302306;Система умный дом > Охранные системы и сигнализации;1.27;
302307;Системы охраны и оповещения > Брелки, пульты для охранных систем;1.25;
302308;Системы охраны и оповещения > Тревожные кнопки и кнопки выхода;1.15;
302309;Системы охраны и оповещения > Коробы и корпуса для охранных систем;1.23;
340416;Автомобильная электроника > Автомобильные видеорегистраторы;1.27;
380650;Спортивные сумки и рюкзаки > Поясные сумки;1.30;
410201;Батареи и аккумуляторы > Зарядные устройства для аккумуляторов;1.27;
410402;Генераторы и электростанции > Электрогенераторы;1.24;
410612;Электрика > Настенные выключатели;1.27;
420504;Метрический крепеж > Гайки;1.27;
500415;Фото-, видеокамеры и аксессуары > Запчасти и комплектующие для квадрокоптеров;1.18;
500901;Повербанки и зарядные станции > Зарядные станции;1.26;
1250303;Инструменты для обработки почвы > Вилы;1.27;
1250305;Инструменты для обработки почвы > Посадочные совки, вилки;1.27;
1250307;Инструменты для обработки почвы > Мотыги, тяпки, сапки;1.27;
1250309;Садовый инвентарь и освещение > Садовые пылесосы, воздуходувки;1.24;
1250311;Инструменты для обрезки > Пилы для обрезки ветвей;1.27;
1250312;Инструменты для обрезки > Садовые ножницы, секаторы, ножи;1.27;
1250313;Инструменты для обработки почвы > Грабли;1.27;
3080804;Одежда рабочая > Комбинезоны и полукомбинезоны рабочие;1.29;
3082002;Тактическая защита и экипировка > Разгрузочные жилеты и плитоноски без плит;1.18;
5090201;Телефоны и аксессуары > Стационарные телефоны;1.24;
5090319;Аксессуары для мобильных телефонов > Зарядные устройства для смартфонов и планшетов;1.31;
5090503;Беспроводная связь > Усилители антенные;1.24;
5090506;Беспроводная связь > Мосты, шлюзы беспроводных сетей;1.27;
5090509;Беспроводная связь > Wi-fi адаптеры;1.24;
5090510;Аксессуары для телевизоров и проекторов > Телевизионные антенны;1.31;
5092006;Оптоволоконное оборудование > Оптические конвертеры;1.24;
5092007;Оптоволоконное оборудование > Модули GBIC и SFP;1.15;
5092902;Пассивное сетевое оборудование > Патч-панели;1.24;
5092904;Пассивное сетевое оборудование > Коммуникационные розетки;1.25;
5092913;Монтажное оборудование > Кабеленесущие системы;1.26;
5093501;Инструмент для сетевых работ > Инструмент для заделки кабеля;1.25;
5140401;Преобразователи > Инверторы;1.21;
5280501;Батареи и аккумуляторы > Аккумуляторы общего назначения;1.23;
6370603;Спутниковое, кабельное телевидение > Ресиверы цифрового телевидения;1.30;
6370714;TV и видеотехника > Телевизоры;1.22;
6370902;TV и видеотехника > Медиаплееры;1.27;
6371204;Аудиотехника и аксессуары > Микрофоны;1.27;
6371702;Спутниковое, кабельное телевидение > Спутниковые конвертеры;1.30;
6371703;Спутниковое, кабельное телевидение > Дайсеки, усилители, телевизионные разветвители;1.28;
6371704;Спутниковое, кабельное телевидение > Спутниковые антенны;1.15;
6371808;Профессиональное аудио-, видео-, фото оборудование > Коммутаторы сигнала;1.25;
6371809;Профессиональное аудио-, видео-, фото оборудование > Приемники и передатчики сигнала;1.22;
6371818;Системы охраны и оповещения > Громкоговорители;1.27;
7081201;Инструменты для обработки почвы > Ручные культиваторы, плуги;1.27;
7190601;Пассивное сетевое оборудование > Сетевые коннекторы, модули и разъемы;1.24;
7190603;Пассивное сетевое оборудование > HUB'ы, мосты, репитеры;1.25;
7190604;Пассивное сетевое оборудование > Патч-корды;1.24;
7190605;Провод, кабель, системы соединения > Кабель для систем связи;1.21;
8210510;Уход за бытовой техникой > Средства для очистки бытовой техники;1.27;
12110205;Автоинструмент > Автомобильные насосы, компрессоры и манометры;1.27;
13040909;Геодезическое оборудование > Нивелирные рейки и вехи;1.15;
13070701;Леса и другие конструкции для ремонтно-строительных работ > Стремянки;1.25;
13070703;Леса и другие конструкции для ремонтно-строительных работ > Строительные и садовые лестницы;1.25;
13240415;Бытовая очистка воды > Бытовые фильтры комплексной очистки воды;1.25;
13560901;Ворота, ограждения, шлагбаумы и комплектующие > Аксессуары для ворот и шлагбаумов;1.21;
14172701;Электрические пилы > Ручные дисковые пилы;1.24;
14190303;Электроизоляторы > Электроизоляционные ленты и трубки;1.26;
14190406;Провод, кабель, системы соединения > Разъемы и коннекторы;1.22;
14190408;Провод, кабель, системы соединения > Силовые кабели, перемычки;1.21;
14190901;Реле > Реле напряжения;1.27;
14190906;Реле > Автоматические выключатели, УЗО;1.27;
14191103;Блоки питания > Промышленные и бытовые источники питания;1.23;
14191106;Блоки питания > Источники бесперебойного питания (ИБП);1.24;
14191107;Блоки питания > Стабилизаторы напряжения;1.23;
14200301;Ручной инструмент > Топоры;1.24;
14200305;Ручной инструмент > Молотки, кувалды, киянки;1.26;
14200306;Ручной инструмент > Строительные ножи, ножницы;1.27;
14200308;Дереворежущий инструмент > Ручные пилы, ножовки;1.27;
14200310;Ручной инструмент > Отвертки;1.27;
14200327;Ключи > Разводные ключи;1.27;
14200329;Ключи > Шестигранные ключи;1.27;
14200332;Ключи > Торцевые головки;1.27;
14200340;Губцевые инструменты > Бокорезы, кусачки;1.26;
14200341;Губцевые инструменты > Пассатижи, плоскогубцы, тонкогубцы;1.26;
14200347;Губцевые инструменты > Зажимные клещи;1.26;
14200348;Губцевые инструменты > Трубные клещи;1.26;
14200374;Ручной инструмент > Строительные карандаши, маркеры;1.23;
14200378;Ключи > Наборы ключей;1.27;
14200390;Ручной инструмент > Монтажные пинцеты;1.23;
14200394;Ручной инструмент > Мультитулы;1.27;
14200513;Пневматический инструмент > Пневматические отбойные молотки;1.15;
14200604;Строительный измерительный инструмент > Измерительные рулетки;1.27;
14200612;Датчики > Датчики влажности и температуры;1.23;
14200914;Гидравлический инструмент > Гидравлические цепные пилы;1.15;
14201002;Металлорежущий инструмент > Ручные ножницы по металлу;1.25;
14201502;Оснастка для инструмента > Ножовочные полотна;1.23;
14201506;Оснастка для инструмента > Пилки для лобзиков;1.27;
14201509;Оснастка для инструмента > Отрезные, зачистные, шлифовальные, пильные круги;1.27;
14201512;Оснастка для инструмента > Зубила, долото для перфоратора;1.26;
14201516;Оснастка для инструмента > Масла, смазки для инструмента;1.27;
14201602;Инструменты для обработки почвы > Лопаты;1.27;
14201607;Оснастка для инструмента > Сверла, буры;1.27;
14201622;Строительный измерительный инструмент > Строительные уровни;1.27;
14400803;Электроинструмент > Паяльники;1.27;
15010508;Гигиена и уход за детьми > Радионяни, видеоняни;1.27;
15040605;Светильники > Потолочные светильники;1.27;
15040606;Светильники > LED подсветка интерьеров;1.27;
15230410;Кухонные принадлежности > Кухонные ножи и подставки;1.27;
15230411;Мелкая бытовая техника для кухни > Кухонные весы;1.28;
15230433;Кухонные принадлежности > Точилки для ножей;1.27;
15370306;Электроизмерительные приборы > Мультиметры;1.27;
15370320;Радиоизмерительные приборы > Детекторы скрытой проводки;1.26;
15370706;Оптические приборы и системы > Приборы ночного видения;1.18;
15380301;Аксессуары и фурнитура для окон и дверей > Механизмы и автоматика для окон и дверей;1.25;
15380311;Аксессуары и фурнитура для окон и дверей > Доводчики дверей;1.24;
15380325;Аксессуары и фурнитура для окон и дверей > Аксессуары и комплектующие для замков;1.25;
39050503;Светильники > Точечные светильники и трек-системы;1.28;
39050509;Светильники > Настольные лампы и ночники;1.27;
1420060202;Датчики > Датчики движения;1.27;
141723;Электроинструмент > Электрические строительные миксеры;1.25;
14200358;Ручной инструмент > Ручные обжимные инструменты;1.27;
181201;Товары для прогулок и путешествий с животными > Сумки и контейнеры для переноса домашних животных;1.22;
300508;Тактическая защита и экипировка > Аксессуары и комплектующие для касок и бронежилетов;1.18;
14190409;Провод, кабель, системы соединения > Шнуры, переходники;1.22;
14200355;Ручные съемники > Съемники изоляции;1.27;
141713;Электроинструмент > Электролобзики;1.24;
1250301;Инструменты для обрезки > Кусторезы;1.25;
1250321;Инструмент для скашивания травы > Мотокосы и триммеры;1.24;
150426;Освещение, электрика > LED освещение;1.27;
30816;Спецодежда и обувь > Рабочие перчатки;1.27;
150405;Освещение, электрика > Промышленное освещение;1.15;
150417;Освещение, электрика > Офисно-торговое освещение;1.15;
151405;Уборка > Щетки и скребки для уборки;1.27;
14200610;Датчики > Датчики бесконтактные;1.26;
301011;Аксессуары и фурнитура для окон и дверей > Защелки;1.27;
613;Уборка > Освежители воздуха;1.27;
5505;Авто - мото > Электромобильные зарядные устройства и станции;1.25;
1250308;Инструмент для скашивания травы > Газонокосилки;1.23;
190402;Строительный измерительный инструмент > Лазерные нивелиры, уровни, сканеры;1.27;
300410;Система умный дом > Системы видеонаблюдения;1.26;
420507;Метрический крепеж > Шайбы, гровер;1.27;
420512;Метрический крепеж > Крепежные винты;1.27;
620;Приборы измерения времени > Таймеры;1.26;
5092905;Монтажное оборудование > Элементы крепежа кабеля;1.28;
13100606;Запорная арматура > Шаровые, пробковые краны;1.27;
13240402;Бытовая очистка воды > Бытовые проточные фильтры;1.27;
14172702;Электрические пилы > Ручные торцовочные пилы;1.23;
2010;Надувная мебель > Надувные матрасы;1.27;
52810;Батареи и аккумуляторы > Батарейные, аккумуляторные отсеки;1.23;
70711;Комплектующие для компьютерной техники > Блоки питания для компьютеров;1.21;
120201;Электрооборудование автомобилей > Автомобильные аккумуляторы;1.23;
141506;Отопление > Тепловые насосы;1.15;
6371101;Аудиотехника и аксессуары > Портативные колонки;1.26;
14200312;Бытовая техника для дома > Роботы для мойки окон;1.27;
14650206;Промышленные кондиционеры > Фанкойлы;1.15;
190408;Оптические приборы и системы > Технические эндоскопы, видеоскопы;1.26;
153705;Оптические приборы и системы > Оптические нивелиры;1.27;
420506;Крепежные изделия > Шурупы, саморезы;1.27;
14190603;Выключатели технические > Рубильники;1.15;
14201612;Электроинструмент > Электрические краскопульты;1.25;
150411;Освещение, электрика > Аварийное освещение;1.15;
71106;Компьютерные аксессуары > USB хабы;1.31;
340425;Автомобильные видеосистемы > Автомобильные мониторы;1.27;
420502;Метрический крепеж > Болты;1.15;
6371205;Компьютерные аксессуары > Док-станции;1.30;
15370309;Электроизмерительные приборы > Омметры;1.15;
300303;Молниезащита и заземление > УЗИП;1.27;
63023;Бытовая техника для дома > Роботы-пылесосы;1.26;
39050303;Переносное освещение > Переносные светильники;1.27;
