categoryId;offer id;article;name_ua;price;stock_quantity
1554082;2863455781;201051;Акумуляторна батарея NE-4400;3405;14
80108;2863456465;201719;Блок безперебійного живлення Full Energy BBGP-125 12В 5А;1173;15
80108;2863456466;201730;Блок безперебійного живлення Full Energy BBGP-123 12В 3А;955;14
80108;2863456467;201725;Блок безперебійного живлення Full Energy BBGP-1210 PoE 12В 10А;2512;15
80108;2863456468;201721;Блок безперебійного живлення Full Energy BBG-1210/8 12В 10А;1999;17
80108;2863456469;201734;Блок безперебійного живлення Full Energy BBG-125 12В 5А;1212;5
80108;2863456471;201742;Джерело безперебійного живлення Full Energy BBG-123 12В 3А;1015;12
80108;2863456472;201731;ДБЖ під акб 12В/7A EuroPower EP-UPS-1205(P) 13.8В/0.65А;1129;7
80108;2863456473;201746;Блок безперебійного живлення Full Energy BBG-124/1 12В 4А;897;4
80108;2863456474;201724;Блок безперебійного живлення Full Energy BBGP-125DIN 12В 5А;1212;2
80108;2863456475;201738;Блок безперебійного живлення Full Energy BBGW-123 12В 3А;1228;5
80108;2863456476;201735;Блок безперебійного живлення Full Energy BBGP-123DIN на DIN-рейку 12В 3А;897;9
80108;2863456477;201749;Джерело безперебійного живлення Kraft PSU-1205/8CH(B);1943;2
80108;2863456478;201720;Блок безперебійного живлення Full Energy BBGP-1210 12В 10А;2373;14
80108;2863456479;201729;ДБЖ під акб 12В/7A EuroPower EP-UPS-1203(P) 12В 3А;914;4
80108;2863456480;201722;Блок безперебійного живлення Full Energy BBG-125-L 12В 5А;1290;15
80108;2863456481;201727;Блок безперебійного живлення Full Energy BBGP-123W 12В 3А;1094;6
80108;2863456482;201745;Плата ДБЖ Kraft PSU-1205LED(BOARD) з кріпленням на DIN-рейку;1015;1
80108;2863456483;201747;Блок безперебійного живлення Full Energy BBG-245 24В 5А;2787;6
80108;2863456484;201732;Блок безперебійного живлення Full Energy BBGW-125 12В 5А;1645;2
80108;2863456485;201750;Плата ДБЖ Kraft PSU-1208LED(BOARD) з кріпленням на DIN-рейку;1662;3
80108;2863456486;202086;Блок безперебійного живлення Full Energy BBG-124/4 12В 4А;937;1
80108;2863456487;201739;Блок безперебійного живлення Full Energy BBGP-125W 12В 5А;1369;2
80108;2863456528;201788;Блок живлення U-PROX PSU60W 14В 2.8А M0 kit з функцією UPS;2187;15
80108;2863456564;201818;Блок живлення TIRAS Technologies 1215 12В 1.5А;5080;2
1554082;2863456697;202160;Свинцево-кислотна акумуляторна батарея Ritar RT12180 18А•г 12В;1468;12
1554082;2863456698;204698;Свинцево-кислотна акумуляторна батарея Ritar RT1290 9А•г 12В;759;13
1554082;2863456699;201831;Акумуляторна батарея Ritar RT1223(12V2.3AH);436;12
1554082;2863456701;202208;Свинцево-кислотна акумуляторна батарея Full Energy FEP-127 7А•г 12В;651;1
1554082;2863456702;201844;Свинцево-кислотна акумуляторна батарея Full Energy FEL-1220 20А•г 12В гелева;2140;14
1554082;2863456703;201832;Свинцево-кислотна акумуляторна батарея Full Energy FEP-1218 18 А•г 12В;1718;13
1554082;2863456704;202158;Свинцево-кислотна акумуляторна батарея Ultracell UL2.4-12 2.4А•г 12В;545;17
1554082;2863456705;202092;Свинцево-кислотна акумуляторна батарея Full Energy FEP-122 2.2А•г 12В;471;17
1554082;2863456708;201838;Свинцево-кислотна акумуляторна батарея Ritar RT1213 1.3 А•г 12В;374;12
1554082;2863456709;202093;Свинцево-кислотна акумуляторна батарея Full Energy FEP-124 4А•г 12В;471;15
1554082;2863456710;201845;Свинцево-кислотна акумуляторна батарея Ultracell UL7-12 7A•г 12В;830;7
1554082;2863456711;201847;Акумуляторна батарея CSB GP1245F2 12В 4.5А•г;912;9
1554082;2863456712;201841;Свинцево-кислотна акумуляторна батарея Full Energy FEP-121 1.2А•г 12В;307;17
1554082;2863456722;201855;Система керування високовольтним акумулятором Hyxipower HYX-EBDU-H2;19350;4
80108;2864529432;201740;Блок безперебійного живлення Kraft PSU-1203LED 12В 3А;1122;3
80108;2864529439;202083;Безперебійний блок живлення під акумулятор Faraday Electronics UPS ASCH PL 14В 2А 7А•г;805;1
80108;2864529449;202322;Джерело безперебійного живлення EnerGenie EG-UPS-001 650А апроксимована синусоїда;3713;6
80108;2870477249;201737;ББЖ KRAFT PSU-1220LED PSU-1220LED;3850;3
80108;2870477251;201728;Блок безперебійного живлення Tiras 1230 12В 3А;7392;5
80108;2870477263;201733;Джерело безперебійного живлення Kraft PSU-1208LED(P);1817;1
80108;2871159745;202308;Блок безперебійного живлення Faraday Electronics UPS 35Вт Smart ASCH PL (LFP);958;1
1554082;2888453431;201848;Акумуляторна батарея MERLION AGM GP1270F2 12В 7А•г;688;2
80108;2890075002;201726;ДБЖ під акб 12В/7A EuroPower EP-UPS-1203(M) 13.8В 3А;1029;3
80108;2890075003;201723;ДБЖ під акб 12В/7A EuroPower EP-UPS-1205(M) 12В 5А;1389;17
80108;2893798935;202309;Безперебійний блок живлення 12-18 А●год Faraday Electronics 85W UPS Smart ASCH ALU;2071;2
1554082;2896958857;202263;Літієва акумуляторна батарея Merlion LFP12.8-6US 12.8В 6А•год;1468;17
80108;2897738011;201736;Джерело безперебійного живлення Kraft PSU-2425LED;1998;3
80108;2902612467;201743;Джерело безперебійного живлення Kraft PSU-1205/8CH;1625;2
1554082;2904609799;201834;Свинцево-кислотна акумуляторна батарея Full Energy FEL-1218 18 А•г 12В;1844;12
4674585;2905474634;202166;Портативне джерело живлення V-TAC VT-303N 300Вт LiFePO4 19.2В 15А•г;9280;2
1554082;2905474638;201854;Літієва акумуляторна батарея FelicityESS FLA24100-EU 24В 100А•г 2.56кВт•г;32583;17
1554082;2907515914;202312;Модульна літієва акумуляторна батарея Deye BOS-G-Pack 5.1 51.2В 100 А•г 125А високовольтна сумістна з 99-10025465;41875;6
1554082;2915336665;203126;Свинцево-кислотна акумуляторна батарея Full Energy FEP-129 9А•г 12В;864;17
1554082;2926165032;201853;Літієва акумуляторна батарея Redodo 12.8V 100Ah Mini 1280Вт•г LiFePO4;15580;5
1554082;2928078471;201850;Акумуляторна батарея LiTime LiFePO4 12V 100Ah bluetooth;13558;7
1554082;2928078481;201851;Акумуляторна батарея Power Queen LiFePO4 12V 100Ah H190;13558;17
1554082;2930992568;202126;Літієва акумуляторна батарея Renon Xcellent Plus 51.2В 314А•г;123169;1
1554082;2930992569;202127;Аккумуляторна батарея Power Queen LiFePO4 12.8В 100А•г Mini 1280Вт•г;13514;5
1554082;2932004720;202163;Літієва акумуляторна батарея Pylontech US5000 48В 100 А●год 100А;59562;4
1554082;2932004721;202159;Акумуляторна батарея CSB HRL1210W F2FR 12В 2.3А•г;937;1
4674585;2938088089;202251;Зарядна станція Pecron E300LFP 288Wh;11794;2
1554082;2939638815;202261;Акумуляторна батарея LP12-100 100Ah 12V 100A LCD;14684;17
1554082;2941116806;202289;Свинцево-кислотна акумуляторна батарея TRINIX SUPER CHARGE 9А•г 12В;852;4
1554082;2941116809;202290;Акумуляторна батарея MERLION AGM GP12180M5 12В 18 А•г;1455;8
80108;2944725502;202323;Джерело безперебійного живлення EnerGenie EG-UPS-002 850ВA апроксимована синусоїда;4533;3
80108;2944725503;202324;Джерело безперебійного живлення EnerGenie EG-UPS-031 650ВA апроксимована синусоїда;3986;6
80108;2944725505;202319;Джерело безперебійного живлення EnerGenie EG-UPS-033 1200ВA апроксимована синусоїда;6822;2
80108;2944725506;202325;Джерело безперебійного живлення EnerGenie EG-UPS-034 1500ВA апроксимована синусоїда;7598;1
80108;2944725507;202320;Джерело безперебійного живлення EnerGenie EG-UPS-B650 650ВA апроксимована синусоїда;3168;4
80108;2944725508;202321;Джерело безперебійного живлення EnerGenie EG-UPS-B850 850ВA апроксимована синусоїда;4123;2
1554082;2949506585;202405;Акумуляторна батарея TRINIX 12V7,2Ah/20Hr;663;17
1554082;2965065159;202404;Свинцево-кислотна акумуляторна батарея Ultracell UL9-12 9A•г 12В;1123;3
1554082;2979112884;204493;Свинцево-кислотна акумуляторна батарея Ritar RT1270 7А•г 12В;570;15
80108;2979439505;203114;ДБЖ під акб 12В/17A EuroPower EP-UPS-1205HCU(P) 13,8/14.4В 2А;1854;4
80108;2979439506;203118;ДБЖ під акб 12В/7A EuroPower EP-UPS-1205HC(M) 14.4В 2А;1887;9
80108;2979439508;203115;ДБЖ під акб 12В/7A EuroPower EP-UPS-1203HC(P) 14.4В 2А;1370;6
80108;2979591615;203122;Джерело безперебійного живлення Europower EPWM-MPS-2500/24 (1800 Вт) з правильною синусоїдою;11538;2
80108;2979591616;203113;ДБЖ під акб 12В/17A EuroPower EP-UPS-1203HCU(P) 14.4В 2А;1742;9
1554082;2983439616;203276;Балансир для акумуляторних батарей Voltronic 12V BE-12;897;5
1554082;2983439628;203394;Акумулятор 18В Li-Power 2.0А•г Metabo (625026000);2450;2
1554082;2983439629;203365;Акумулятор 18В Li-Power 4.0Аг Metabo (625027000);3663;2
1554082;2988357757;204438;Акумуляторна батарея DСHOUSE 12.8V 200Ah (ECO-LFP12200);22745;2
1554082;2988357758;204131;Акумуляторна батарея DСHOUSE 12.8V 100Ah (ECO-LFP1210004) Bluetooth;14936;2
1554082;2991767603;204247;Літієва акумуляторна батарея Merlion LFP12.8-18US 12.8В 18А•год;3648;1
1554082;2991767605;204280;Літієва акумуляторна батарея Merlion LiFePO4 12.8В 24А•г;4125;4
1554082;2993152762;100197;Акумулятор EnerGo GEL 12V 200Ah (NRG-GL12200);17739;5
4674585;2993152778;100200;Зарядна станція Oukitel P2001E PLUS Gray;48151;4
1554082;2995844280;204367;Акумуляторний блок Metabo LiHD 18 В (625549000) 10 А·год;9322;1
1554082;2997952784;204285;Свинцево-кислотна акумуляторна батарея MERLION GL12170M5 17 A•год 12В гелева;1624;15
80108;2998542268;204355;ББЖ 1 канальний PSU-1210LED 12V 10А;2533;2
80108;2998542273;204211;Джерело безперебійного живлення Kraft PSU-1205LED(B);1454;1
80108;2998542274;204466;Джерело безперебійного живлення Kraft PSU-1210/16CH;2840;3
1554082;2999450721;204340;Стойка для 14 висковольтних батарей Deye BOS-A-Rack-14 floors;29243;2
1554082;2999649662;204213;Акумуляторна батарея Ritar RT12120;1403;14
1554082;2999649663;204324;Акумуляторна батарея Ritar R-LFP12.8V24AH;4992;10
1554082;2999649664;204198;Акумуляторна батарея Ritar RT1250(12V5AH);538;3
1554082;2999649666;204359;Акумуляторна батарея Ritar R-LFP12.8V50AH;7954;1
1554082;2999649672;204274;Акумуляторна батарея Ritar RT12200 (12V20AH);1855;12
1554082;2999649673;204387;Літієва акумуляторна батарея Ritar R-LFP25.6V100AH G1 з bluetooth;23251;1
1554082;2999649674;204239;Акумуляторна батарея Ritar R-LFP12.8V9AH;2464;1
1554082;2999649677;204397;Літієва акумуляторна батарея Ritar R-LFP51.2V100AH з bluetooth;41165;17
1554082;3000850542;204506;Стойка Deye 3U-HRack-2G 13 floors для 12 висковольтних батарей;22281;2
1554082;3000850546;204505;Літієва акумуляторна батарея Dyness DL5.0C PRO 51.2В 5.12 кВт•год 100А з підігрівом Wi-Fi модулем;44214;3
80108;3001263779;204520;ДБЖ з правильною синусоїдою (300 Вт ) 12В, під зовнішній АКБ RITAR RTSW-500 LCD;3480;4
80108;3001263783;204514;Джерело безперебійного живлення Ritar RTM1500 Proxima-D LCD 1500ВA;6946;3
80108;3001263784;204523;Джерело безперебійного живлення Ritar RTM3000 Proxima-D 3000ВA;11688;6
80108;3001263785;204522;Джерела безперебійного живлення Ritar RTM2000 (1200W) Proxima-D LCD, AVR, 2st, 3xSCHUKO socket, 4x12V7,5Ah;10068;2
80108;3001263787;204518;Джерело безперебійного живлення Ritar RTP1500 Proxima-D 1500ВA;6143;3
1554082;3005770586;204551;Акумуляторна батарея Ritar RT1290 12V 9Ah grey;920;1
1554082;3009263898;204642;Свинцево-кислотна акумуляторна батарея MERLION GL1290F2 9А•г 12В;970;15
1554082;3009263899;204640;Свинцево-кислотна акумуляторна батарея MERLION G-MLG1270F2 7A•г 12В мультигель;660;15
1554082;3009263901;204641;Свинцево-кислотна акумуляторна батарея MERLION G-MLG1290F2 9А•г 12В мультигель;882;14
80108;3012789150;204692;Джерело безперебійного живлення Kraft PSU-1205DIN(P);1084;1
80108;3012789151;204693;Джерело безперебійного живлення Kraft PSU-1210DIN(P);2004;2
1554082;3014539905;204697;Свинцево-кислотна акумуляторна батарея Ritar DG12-100 100А•г 12В гелева;13000;1
80108;3018730217;204738;Джерело безперебійного живлення Kraft PSU-1203LED(P) 12В 3А;897;4
80108;3018730223;204737;Плата ДБЖ Kraft PSU-1203(LED) з кріпленням на DIN-рейку;779;1
1554082;3019153096;204744;Літієва акумуляторна батарея Dyness DL5.0C 51.2В 5.12 кВт•год 100А з підігрівом та Wi-Fi модулем;40672;1
1554082;3020449127;204756;Літієва акумуляторна батарея Ritar LFP25.6V50AH G1;17852;3
4674585;3024679564;204770;Портативне джерело живлення BigBlue CP2500 2500Вт;52570;2
1554082;3027338364;204832;Свинцево-кислотна акумуляторна батарея MERLION GL1270F2 7A•г 12В;700;17
1554082;3027338366;204833;Акумуляторна батарея MERLION AGM GP1290F2B 12В 9А•г;874;17
1554082;3028629695;204843;Літієва акумуляторна батарея Deye SE-F5 Pro-C;41835;1
1554082;3037125712;204964;Акумуляторна батарея TRINIX 12V4Ah/20Hr;487;17
1554082;3038398959;204975;Літієва акумуляторна батарея Ritar LiFePO4 12.8В 9А•г;2587;17
1554082;3041088876;204987;Акумуляторна батарея Ritar RT12260 (12V26AH);2773;17
1554082;3043423060;205019;Свинцево-кислотна акумуляторна батарея Full Energy FEL-1265 65А•г 12В гелева;5343;7
1554082;3043423061;205016;Свинцево-кислотна акумуляторна батарея Full Energy FEL-127 7А•г 12В гелева;730;15
1554082;3043423062;205015;Свинцево-кислотна акумуляторна батарея Full Energy FEL-129 9А•г 12В гелева;927;15
1554082;3043423065;205017;Акумулятор гелевий Full Energy FEL-1270 12V 70 Ah;6662;8
80108;3043565105;205025;Джерело безперебійного живлення Kraft PSU-24100LED;4145;2
1554082;3045622252;205047;Свинцево-кислотна акумуляторна батарея MERLION ORBUS GLO1272F2 12 V 7.2Ah;608;15
80108;3047126746;205053;Джерело безперебійного живлення під акумулятор Ritar RTSW-600 LED 600ВA 12В з правильною синусоїдою;4439;1
1554082;3049984147;205056;Акумуляторна батарея CSB GP1272F2 12В 7.2А•г;1327;17
80108;3063764384;205162;Джерело безперебійного живлення 2E ED1200;4383;2
80108;3063764387;205163;Джерело безперебійного живлення 2E DD650;2877;3
80108;3067859478;205203;Блок безперебійного живлення Faraday Electronics UPS 55Вт Smart ASCH PL (LFP);1458;8
80108;3076473857;205225;Джерело безперебійного живлення Ritar E-RTM1200 ELF-L LED 720W);5367;2
4674585;3076638148;205229;Портативна зарядна станція ALLPOWERS R600 299 Вт·г 600 Вт;15749;1
1554082;3080375076;205236;Літієва акумуляторна батарея Renon EBrick 51.2V 100AH (R-EB005161);40816;1
80108;3083514916;201748;ББЖ 16-ти канальний PSU-1220/16CH 12V 20А;4425;2
80108;3083981115;205247;Джерело безперебійного живлення Ritar E-RTM1000 (600W);5622;5
80108;3083981117;205245;Джерело безперебійного живлення (18 Вт, 10400 мА·год) UPS для роутера;1873;15
80108;3095360837;205341;Комплект Solis S6-EH1P6K-L-PLUS + Renon EBrick 51.2V 100AH;70092;1
1554082;3098521712;700000;Акумулятор LP LiFePO4 12,8V - 315 Ah (4032Wh) (BMS 200A/100А) пластик Smart BT;39676;1
1554082;3098521714;700001;Акумулятор AGM LPM 12V - 5 Ah (11-2024) s;319;15
1554082;3098521716;700002;Акумулятор мультигелевий LPM-MG 12V - 20 Ah;1410;12
1554082;3098521724;700006;Акумулятор LP LiFePO4 12,8V - 32 Ah (410Wh) (BMS 40А/32A) пластик Smart BT;8565;7
1554082;3098521726;700007;Акумулятор LP LiFePO4 12,8V - 150 Ah (1920Wh) (BMS 100A/75А) пластик Smart BT;22504;1
1554082;3098521728;700008;Акумулятор AGM LPM 12V - 12 Ah s;734;15
1554082;3098521736;700012;Акумулятор AGM LPM 12V - 20 Ah 09/23 s;1193;12
1554082;3098521744;700016;Акумулятор AGM LPM 6V - 1.3 Ah s;100;12
1554082;3098521746;700017;Акумулятор AGM LPM 6V - 12 Ah (11-2023) s;319;15
1554082;3098521748;700018;Тяговий свинцево-кислотний AGM Акумулятор LP 6-DZM-7 Ah (02-2024) s;568;12
1554082;3098521774;700031;Акумулятор Li-ion 22,2V 21000 mAh (466Wh) 225A Molicel Високострумовий 6S5P;8027;10
1554082;3098521776;700032;Акумулятор Li-ion 22,2V 16800 mAh (373Wh) 180A Molicel Високострумовий 6S4P;6455;9
1554082;3098521778;700033;Акумулятор LP LiFePO4 12,8V - 50 Ah (640Wh) (BMS 80А/50A) пластик LCD Smart BT;12235;9
1554082;3098521780;700034;Акумулятор LP LiFePO4 12,8V - 64Ah (820Wh) (BMS 80A/64А) пластик Smart BT;14070;6
1554082;3098521820;700064;Акумулятор Li-ion 22,2V 12600 mAh (279,7Wh) 135A Molicel Високострумовий 6S3P;4885;11
1554082;3098521822;700065;Акумулятор Li-ion 22,2V 8400 mAh (186,5Wh) 90A Molicel Високострумовий 6S2P;3342;12
1554082;3098521824;700066;Акумулятор Li-ion 4,2Ah 3.7V 21700 Molicel INR21700-P42A;212;15
1554082;3098521832;700070;Акумулятор LP LiFePO4 25,6V - 50 Ah (1280Wh) (BMS 80A/50А) пластик Smart BT;19883;3
1554082;3098521836;700072;Акумулятор LP LiFePO4 12,8V - 50 Ah (640Wh) (BMS 40A/40А) пластик LCD Smart BT;10707;8
1554082;3098521840;700074;Балансир для акумуляторних батарей LP 24V LED;1718;13
1554082;3098521842;700075;Балансир для акумуляторних батарей LP 96V;9377;7
1554082;3098521844;700076;Балансир для акумуляторних батарей LP 72;7189;12
1554082;3098521846;700077;Балансир для акумуляторних батарей LP 60V;5313;11
1554082;3098521852;700080;Акумулятор AGM LPM 12V - 26 Ah під болт М5;2844;15
1554082;3098521854;700081;Набір для збірки АКБ LP 51,2V 230Ah;34648;1
80108;3098521856;700082;Джерело безперебійного живлення (ДБЖ) LP BOX DEYE 5kWh + АКБ 25kWh;302698;1
1554082;3098521872;700089;Балансир для акумуляторних батарей LP 48V LED;4531;12
1554082;3098521874;700090;Акумулятор гелевий LPM-GL 12V - 250 Ah;21675;1
1554082;3098521878;700092;Smart BMS плата LiFePO4 24V 8S 150A (Dis 150A Ch 75A) + UART/RS485/CAN;4145;14
1554082;3098521922;700114;Провід мідний для з'єднання АКБ 25 кв. мм – 100 см (з клемами) чорний;538;12
1554082;3098521924;700115;Провід мідний для з'єднання АКБ 25 кв. мм – 100 см (з клемами) червоний;538;12
1554082;3098521930;700118;BMS плата LP LiFePO4 60V 20S Dis 60A Ch 30A;2355;15
1554082;3098521934;700120;BMS плата LP LiFePO4 48V 16S Dis 150A Ch 75A;3212;13
1554082;3098521936;700121;Smart BMS плата LP LiFePO4 48V 16S Dis 300A Ch 150A CAN+Bluetooth;14377;6
1554082;3098521944;700125;BMS плата LP LiFePO4 36V 12S Dis 80A Ch 40A;1988;12
1554082;3098521946;700126;BMS плата LP LiFePO4 12V 4S Dis 150A Ch 75A;2844;14
1554082;3098521948;700127;BMS плата LP LiFePO4 48V 16S Dis 200A Ch 100A;4863;12
1554082;3098521954;700130;Smart BMS плата LP LiFePO4 48V 16S Dis 250A Ch 125A UART+RS485+CAN;11134;9
1554082;3098521956;700131;Smart BMS плата LP LiFePO4 48V 16S Dis 100A Ch 50A UART+RS485+CAN;3884;15
1554082;3098521958;700132;Smart BMS плата LP LiFePO4 36V 12S Dis 60A Ch 30A UART+RS485+CAN;3089;13
1554082;3098521960;700133;Smart BMS плата LP LiFePO4 24V 8S Dis 80A Ch 40A UART+RS485+CAN;3700;12
1554082;3098521962;700134;BMS плата LP LiFePO4 48V 16S Dis 60A Ch 30A;2478;12
1554082;3098522063;700135;Акумуляторна батарея LP 40OPzS 2V - 280 Ah;6730;10
1554082;3098522065;700136;BMS плата LiFePO4 36V 12S Dis 50A Ch 30A;1560;15
1554082;3098522085;700146;BMS плата LiFePO4 36V 12S Dis 60A Ch 30A;1438;12
1554082;3098522087;700147;BMS плата LiFePO4 48V 16S Dis 80A Ch 40A;1865;15
1554082;3098522089;700148;BMS плата LiFePO4 48V 16S Dis 100A Ch 50A;2049;14
1554082;3098522091;700149;BMS плата LiFePO4 48V 16S 80A симметрия;3719;13
1554082;3098522110;700158;Конектор для LTO 40 (35) Ah - 2.4V (Yinlong);62;12
1554082;3098522116;700161;BMS плата LTO 48V 20S 100A симметрия;5078;10
1554082;3098522120;700163;BMS плата LTO 24V 10S 100A симметрия;4497;11
80108;3098522122;700164;Модуль для віддаленого управління онлайн ДБЖ LogicPower;4924;12
1554082;3098522124;700165;Тяговий свинцево-кислотний AGM акумулятор LP 6-DZM-12 Ah - под Болт М5;1688;12
80108;3098522128;700167;ДБЖ з правильною синусоїдою 48V LPY-B-PSW-6000VA+(4200Вт)10A/20A;20189;3
1554082;3098522132;700169;Акумулятор гелевий LPM-GL 12V - 7.2 Ah;865;12
1554082;3098522134;700170;Акумулятор гелевий LPM-GL 12V - 7 Ah (3098522134);838;13
1554082;3098522136;700171;Акумулятор мультигелевий LPM-MG 12V - 33 Ah;3579;12
1554082;3098522138;700172;Акумулятор мультигелевий LPM-MG 12V - 26 Ah;2960;14
1554082;3098522144;700175;Акумулятор мультигелевий LPM-MG 12V - 7 Ah;807;14
1554082;3098522146;700176;Акумулятор мультигелевий LPM-MG 12V - 250 Ah;21081;1
1554082;3098522153;700179;Акумулятор AGM LPM 6V - 12 Ah;630;13
80108;3098522157;700181;ДБЖ з правильною синусоїдою 48V LPY-W-PSW-5000VA+(3500Вт)10A/20A;28248;1
80108;3098522159;700182;ДБЖ з правильною синусоїдою 48V LPY-W-PSW-3000VA+(2100Вт);19602;1
1554082;3098522161;700183;Акумулятор AGM LPM 4V - 4 Ah;236;13
1554082;3098522163;700184;Акумулятор AGM LPM 12V - 26 Ah (3098522163);2783;12
1554082;3098522169;700187;Акумулятор мультигелевий LPM-MG 12V - 65 Ah;5507;10
1554082;3098522171;700188;Акумулятор гелевий LPM-GL 12V - 65 Ah (3098522171);5873;10
1554082;3098522173;700189;Акумулятор AGM LPM 12V - 5 Ah (3098522173);630;15
1554082;3098522177;700191;Тяговий свинцево-кислотний AGM акумулятор LP 6-DZM-12 Ah;1688;14
80108;3098522227;700217;Блок безперебійного живлення GV-008MU-UPS-A-1203-10A;2555;15
80108;3098522516;700319;Блок безперебійного живлення GreenVision GV-007-UPS-A-1203-8A;1260;15
1554082;3098522624;700370;Акумулятор LP LiFePO4 12,8V - 150 Ah (1920Wh) (BMS 150A/75А) пластик Smart BT;23687;1
1554082;3098522789;700382;Акумулятор LP LiFePO4 25,6V - 32 Ah (820Wh) (BMS 40A/32А) пластик Smart BT;13765;5
80108;3099293449;205358;Джерело безперебійного живлення Hikvision DS-UPS1000 1000 ВА;3455;14
1554082;3099428195;101273;Акумулятор EnerGo LiFePO4 12V 100Ah (NRG-KM12100LF-BX);14767;7
1554082;3099428196;101274;Акумулятор EnerGo LiFePO4 12V 200Ah (NRG-KM12200LF-BX);25683;3
1554082;3099428197;101275;Акумулятор EnerGo LiFePO4 24V 100Ah (NRG-KM24100LF-BX);24272;3
1554082;3099428198;101276;Акумулятор EnerGo LiFePO4 24V 200Ah (NRG-KM24200LF-BX);37084;1
1554082;3099428199;101277;Акумулятор EnerGo LiFePO4 51.2V 100Ah (NRG-KM51100LF-BX);54206;1
1554082;3099428200;101278;Акумулятор EnerGo LiFePO4 24V 100Ah (NRG-KM24100LF-WM);32804;1
1554082;3099428201;101279;Акумулятор EnerGo LiFePO4 24V 200Ah (NRG-KM24200LF-WM);70564;1
1554082;3099428202;101280;Акумулятор EnerGo LiFePO4 51.2V 100Ah (NRG-KM51100LF-WM);62767;1
1554082;3099428206;101284;Акумулятор EnerGo LiFePO4 12V 100Ah Bluetooth (NRG-KM12100LF-BX-BT);18535;3
1554082;3099428207;101285;Акумулятор EnerGo LiFePO4 12V 200Ah Bluetooth (NRG-KM12200LF-BX-BT);34229;1
1554082;3099428208;101286;Акумулятор EnerGo LiFePO4 24V 100Ah Bluetooth (NRG-KM24100LF-BX-BT);29949;1
1554082;3099581170;101290;Акумулятор EnerGo LiFePO4 24V 200Ah Bluetooth (NRG-KM24200LF-BX-BT);40451;1
1554082;3099581171;101291;Акумулятор EnerGo LiFePO4 51.2V 100Ah Bluetooth (NRG-KM51100LF-BX-BT);59913;1
1554082;3099993253;101292;Акумулятор EnerGo LiFePO4 12V 7Ah (NRG-KM12V7LF-BX);2022;13
1554082;3100406187;205393;Літієва акумуляторна батарея Dyness PowerBrick Plus 16,08кВт•г 51,2В 314А•г;122358;1
1554082;3100406206;700441;Акумулятор мультигелевий AGM LPM-MG 12V - 40 Ah 09/2023 s;3189;14
1554082;3100406209;700438;Акумулятор гелевий LPM-GL 12V - 20 Ah s;1910;15
1554082;3100406210;700443;Акумулятор гелевий LPM-GL 12V - 200 Ah (3100406210);23694;3
80108;3101116807;205401;Джерело безперебійного живлення Ritar E-RTM1000 ELF-L LED (600W);5495;4
1554082;3102667925;700448;Акумулятор LP LiFePO4 51,2V-150 Ah (7680 Wh) (BMS JK 150 А/100 А) RM BL;89029;1
1554082;3102667926;700447;Акумулятор LP LiFePO4 51,2V-150 Ah (7680 Wh) (BMS SP 150A/100 А) RM RS485/CAN LCD BL;97257;1
1554082;3102667927;700446;Акумулятор LP LiFePO4 51,2 V-150 Ah (7680 Wh) (BMS JK 150 А/100 А) RM RS485/CAN BL;92768;1
1554082;3102667928;700445;Акумулятор LP LiFePO4 51,2 V-150 Ah (7680 Wh) (BMS JK 150 А/100 А) RM RS485/CAN WH;92768;1
80108;3104650080;205428;Плата ДБЖ Trinix PSU-1205LED(BOARD) з кріпленням на DIN-рейку;1919;4
80108;3104970528;205433;Джерело безперебійного живлення Hikvision DS-UPS3000-R 3000 ВА;19841;4
80108;3108075980;205442;Джерело безперебійного живлення Hikvision DS-UPS600-R 600 ВА;3693;14
80108;3111061797;205452;Джерело безперебійного живлення Ritar PT-2KS-LCD 2000VA (1800Вт) з правильною синусоїдою;20167;1
1554082;3111061801;700529;Акумулятор AGM LPM 12V - 18 Ah s;1759;15
1554082;3112026923;205455;Акумуляторна батарея CSB HR1234WF2 12В 9А•г;1789;6
80108;3112743346;205456;Джерело безперебійного живлення Europower EP-MPS-800/12PLUS (500 Вт) 3/5/10/15/20А з правильною синусоїдою;6516;1
1554082;3119010884;205481;Модуль управління (BMS) для Dyness Stack100 Dyness SBDU100;47471;1
1554082;3119011413;205480;Акумуляторна батарея модульна Dyness Stack100 S51100 51.2V 100AH ​​(складова комплекту);53159;1
80108;3119918315;205484;Літієва акумуляторна батарея Deye BOS-B-Pack16-A3;113887;1
1554082;3121382084;700553;Акумулятор гелевий LPM-GL 12V - 55 Ah;5061;13
1554082;3121382085;700552;Акумулятор гелевий LPM-GL 12V - 65 Ah (3121382085);6309;10
1554082;3121382086;700551;Акумулятор гелевий LPM-GL 12V - 7 Ah (3121382086);733;12
1554082;3121382087;700550;Акумулятор гелевий LPM-GL 12V - 7.5 Ah;771;13
1554082;3121382088;700549;Акумулятор AGM LPM 12V - 5 Ah (3121382088);695;14
1554082;3121382089;700548;Акумулятор AGM LPM 12V - 7 Ah;827;12
1554082;3121382090;700547;Акумулятор AGM LPM 12V - 7.5 Ah;906;13
1554082;3121382091;700546;Акумулятор AGM LPM 12V - 9 Ah;1105;13
1554082;3121382092;700545;Тяговий свинцево-кислотний AGM акумулятор LP 6-DZM-20 Ah;3215;12
1554082;3121382093;700544;Тяговий свинцево-кислотний AGM акумулятор LP 6-DZM-35 Ah;4329;15
1554082;3121681403;700559;Тяговий свинцево-кислотний AGM акумулятор LP 6-DZM-9 Ah;1345;14
1554082;3121681448;700558;Акумулятор мультигелевий LPM-MG 12V - 200 Ah;18309;6
1554082;3121681449;700557;Акумуляторна батарея LP 4 OPzS 2V - 280 Ah;6859;9
80108;3121681451;700555;Джерело безперебійного живлення (ДБЖ) LPM-700VA-P (490Вт);2746;15
1554082;3125708993;700567;Акумулятор AGM LPM 12V - 26 Ah (3125708993);2468;15
1554082;3125708994;700566;Акумулятор LP LiFePO4 24V (25,6V) - 100 Ah (2560Wh) (Smart BMS 100А) с BT пластик;34205;1
80108;3126590789;205531;Джерело безперебійного живлення EnerGenie EG-UPS-036 3000ВA апроксимована синусоїда;14220;6
80108;3126590790;205532;Джерело безперебійного живлення EnerGenie EG-UPS-PS2000-02 2000ВA чиста синусоїда;17534;1
1554082;3126591185;700570;Акумулятор AGM LPM 12V - 1.3 Ah s;306;13
1554082;3126591186;700569;Акумулятор мультигелевий LPM-MG 12V - 200 Ah s;18442;3
80108;3127677198;201744;Джерело безперебійного живлення Trinix TRX-MUPS-3648PoE;5984;1
1554082;3127677202;700576;Акумулятор гелевий LPM-GL 12V - 200 Ah (3127677202);18707;3
1554082;3127677203;700575;Акумулятор гелевий LPM-GL 12V - 200 Ah (3127677203);18865;4
